timestamp;temperatura;umidade;pressao;qualidade;luminosidade
2024-03-02T14:24:54-04:00;32,4;68,76;1004,67;6,8;0
2024-03-02T14:25:24-04:00;32,46;68,15;1004,67;0,37;0
2024-03-02T14:25:54-04:00;32,54;67,67;1004,65;0,59;0
2024-03-02T14:26:24-04:00;32,64;67,22;1004,64;0,87;0
2024-03-02T14:26:54-04:00;32,74;66,95;1004,63;1,08;0
2024-03-02T14:27:24-04:00;32,83;66,69;1004,62;1,29;0
2024-03-02T14:27:54-04:00;32,92;66,51;1004,6;1,54;0
2024-03-02T14:28:24-04:00;33;66,28;1004,58;1,77;0
2024-03-02T14:28:54-04:00;33,08;66,29;1004,54;1,97;100
2024-03-02T14:29:24-04:00;33,14;65,07;1004,5;2,19;100
2024-03-02T14:29:54-04:00;33,18;64,94;1004,47;2,42;100
2024-03-02T14:30:24-04:00;33,19;65,03;1004,43;2,65;100
2024-03-02T14:30:54-04:00;33,19;65,06;1004,42;3,08;100
2024-03-02T14:31:24-04:00;33,2;64,89;1004,4;3,34;100
2024-03-02T14:31:54-04:00;33,2;64,82;1004,38;3,63;100
2024-03-02T14:32:24-04:00;33,19;65,03;1004,37;3,95;100
2024-03-02T14:32:54-04:00;33,15;65,17;1004,35;4,3;100
2024-03-02T14:33:24-04:00;33,08;65,45;1004,34;4,7;100
2024-03-02T14:33:54-04:00;33,02;65,67;1004,32;5,14;100
2024-03-02T14:34:24-04:00;32,99;65,81;1004,32;5,58;100
2024-03-02T14:34:54-04:00;32,93;66,08;1004,31;6,32;100
2024-03-02T14:35:24-04:00;32,89;66,15;1004,3;6,98;100
2024-03-02T14:35:54-04:00;32,88;66,1;1004,29;7,6;100
2024-03-02T14:36:24-04:00;32,89;66,03;1004,28;8,17;100
2024-03-02T14:36:54-04:00;32,92;65,81;1004,27;8,8;100
2024-03-02T14:37:24-04:00;32,95;65,69;1004,26;9,41;100
2024-03-02T14:37:54-04:00;32,96;65,46;1004,25;9,96;100
2024-03-02T14:38:24-04:00;32,95;65,62;1004,24;10,58;100
2024-03-02T14:38:54-04:00;32,92;65,59;1004,25;11,13;100
2024-03-02T14:39:24-04:00;32,92;65,55;1004,24;12,16;100
2024-03-02T14:39:54-04:00;32,92;65,48;1004,24;12,7;100
2024-03-02T14:40:24-04:00;32,94;65,39;1004,22;13,18;100
2024-03-02T14:40:54-04:00;32,97;65,3;1004,22;13,72;100
2024-03-02T14:41:24-04:00;33;65,16;1004,22;14,31;100
2024-03-02T14:41:54-04:00;32,99;65,23;1004,22;14,75;100
2024-03-02T14:42:24-04:00;32,92;65,53;1004,22;15,27;100
2024-03-02T14:42:54-04:00;32,82;66,18;1004,22;15,79;100
2024-03-02T14:43:24-04:00;32,68;66,8;1004,23;16,23;100
2024-03-02T14:43:54-04:00;32,57;67,09;1004,22;16,74;100
2024-03-02T14:44:24-04:00;32,49;67;1004,22;17,27;100
2024-03-02T14:44:54-04:00;32,45;67;1004,22;17,6;100
2024-03-02T14:45:24-04:00;32,43;67,05;1004,21;17,96;100
2024-03-02T14:45:54-04:00;32,42;66,86;1004,19;18,33;100
2024-03-02T14:46:24-04:00;32,42;66,91;1004,19;18,86;100
2024-03-02T14:46:54-04:00;32,4;67,03;1004,17;19,21;100
2024-03-02T14:47:24-04:00;32,37;67;1004,17;19,58;100
2024-03-02T14:47:54-04:00;32,31;67,72;1004,16;19,94;100
2024-03-02T14:48:24-04:00;32,26;68,02;1004,17;20,32;100
2024-03-02T14:48:54-04:00;32,24;67,87;1004,17;20,7;100
2024-03-02T14:49:24-04:00;32,24;67,7;1004,16;20,94;100
2024-03-02T14:49:54-04:00;32,25;67,74;1004,15;21,3;100
2024-03-02T14:50:24-04:00;32,26;67,59;1004,14;21,66;100
2024-03-02T14:50:54-04:00;32,22;67,85;1004,14;21,91;100
2024-03-02T14:51:24-04:00;32,19;68,16;1004,13;22,24;100
2024-03-02T14:51:54-04:00;32,17;68,15;1004,12;22,52;100
2024-03-02T14:52:24-04:00;32,16;68,14;1004,11;22,86;100
2024-03-02T14:52:54-04:00;32,16;68,17;1004,1;23,01;100
2024-03-02T14:53:24-04:00;32,16;68,2;1004,1;24,41;100
2024-03-02T14:53:54-04:00;32,16;68,35;1004,1;24,64;100
2024-03-02T14:54:24-04:00;32,15;68,38;1004,1;24,91;100
2024-03-02T14:54:54-04:00;32,16;68,33;1004,09;25,22;100
2024-03-02T14:55:24-04:00;32,16;68;1004,09;25,59;100
2024-03-02T14:55:54-04:00;32,19;68,23;1004,08;25,82;100
2024-03-02T14:56:24-04:00;32,21;68,47;1004,06;26,1;100
2024-03-02T14:56:54-04:00;32,26;68,24;1004,05;26,16;100
2024-03-02T14:57:24-04:00;32,31;67,98;1004,04;26,6;100
2024-03-02T14:57:54-04:00;32,35;68,11;1004,03;26,68;100
2024-03-02T14:58:24-04:00;32,38;68,02;1004,04;26,96;100
2024-03-02T14:58:54-04:00;32,39;67,92;1004,03;27,1;100
2024-03-02T14:59:24-04:00;32,4;68;1004,02;27,39;100
2024-03-02T14:59:54-04:00;32,4;68,24;1004,01;27,61;100
2024-03-02T15:00:24-04:00;32,41;68,07;1004,01;27,75;100
2024-03-02T15:00:54-04:00;32,4;68,19;1004,02;28,05;100
2024-03-02T15:01:24-04:00;32,41;68,14;1004,01;28,39;100
2024-03-02T15:01:54-04:00;32,42;68,07;1004;28,45;100
2024-03-02T15:02:24-04:00;32,43;68,21;1004,01;28,61;100
2024-03-02T15:02:54-04:00;32,44;68,65;1004,01;28,76;100
2024-03-02T15:03:24-04:00;32,44;69,05;1004;29,02;100
2024-03-02T15:03:54-04:00;32,42;69,17;1003,99;29,02;100
2024-03-02T15:04:24-04:00;32,4;69,1;1003,98;29,29;100
2024-03-02T15:04:54-04:00;32,36;69,16;1003,99;29,41;100
2024-03-02T15:05:24-04:00;32,34;69,45;1003,99;29,63;100
2024-03-02T15:05:54-04:00;32,34;69,44;1003,99;29,91;100
2024-03-02T15:06:24-04:00;32,32;69,72;1004;29,99;100
2024-03-02T15:06:54-04:00;32,31;69,63;1004;30,19;100
2024-03-02T15:07:24-04:00;32,31;69,53;1004;30,28;100
2024-03-02T15:07:54-04:00;32,32;69,34;1004,01;30,5;100
2024-03-02T15:08:24-04:00;32,31;69,14;1004,02;30,74;100
2024-03-02T15:08:54-04:00;32,26;69,37;1004,04;30,95;100
2024-03-02T15:09:24-04:00;32,2;70,01;1004,06;31,02;100
2024-03-02T15:09:54-04:00;32,18;69,95;1004,09;31,26;100
2024-03-02T15:10:24-04:00;32,19;69,7;1004,1;31,37;100
2024-03-02T15:10:54-04:00;32,2;69,53;1004,11;31,64;100
2024-03-02T15:11:24-04:00;32,17;69,49;1004,14;31,68;100
2024-03-02T15:11:54-04:00;32,15;69,67;1004,17;31,89;100
2024-03-02T15:12:24-04:00;32,14;69,67;1004,2;31,89;100
2024-03-02T15:12:54-04:00;32,13;69,7;1004,23;32,14;100
2024-03-02T15:13:24-04:00;32,06;71,06;1004,28;32,28;100
2024-03-02T15:13:54-04:00;31,94;72,11;1004,32;32,64;100
2024-03-02T15:14:24-04:00;31,76;73;1004,37;32,76;100
2024-03-02T15:14:54-04:00;31,49;75;1004,43;33,33;100
2024-03-02T15:15:24-04:00;31,11;75,65;1004,46;33,94;100
2024-03-02T15:15:54-04:00;30,74;76,75;1004,48;34,5;100
2024-03-02T15:16:24-04:00;30,5;77,22;1004,5;34,63;100
2024-03-02T15:16:54-04:00;30,35;76,93;1004,53;34,82;100
2024-03-02T15:17:24-04:00;30,21;76,87;1004,57;34,85;100
2024-03-02T15:17:54-04:00;30,01;77,57;1004,61;35,24;100
2024-03-02T15:18:24-04:00;29,81;78,37;1004,65;35,55;100
2024-03-02T15:18:54-04:00;29,65;78,93;1004,7;35,7;100
2024-03-02T15:19:24-04:00;29,54;78,86;1004,73;36,07;100
2024-03-02T15:19:54-04:00;29,47;78,91;1004,77;36,31;100
2024-03-02T15:20:24-04:00;29,46;78,91;1004,79;36,1;100
2024-03-02T15:20:54-04:00;29,46;79,38;1004,83;36,13;100
2024-03-02T15:21:24-04:00;29,37;80,06;1004,87;36,46;100
2024-03-02T15:21:54-04:00;29,28;81,23;1004,89;36,4;100
2024-03-02T15:22:24-04:00;29,18;81,37;1004,92;36,61;100
2024-03-02T15:22:54-04:00;28,98;82,42;1004,94;37,04;100
2024-03-02T15:23:24-04:00;28,69;83,83;1004,95;37,35;100
2024-03-02T15:23:54-04:00;28,41;85;1004,97;37,77;100
2024-03-02T15:24:24-04:00;28,15;85,89;1004,95;37,8;100
2024-03-02T15:24:54-04:00;27,94;86,39;1004,92;37,83;100
2024-03-02T15:25:24-04:00;27,79;86,56;1004,9;38,72;100
2024-03-02T15:25:54-04:00;27,69;87;1004,87;38,59;100
2024-03-02T15:26:24-04:00;27,55;87,03;1004,86;38,93;100
2024-03-02T15:26:54-04:00;27,41;87,71;1004,85;38,49;100
2024-03-02T15:27:24-04:00;27,27;88,17;1004,83;38,79;100
2024-03-02T15:27:54-04:00;27,15;89,23;1004,81;39,24;100
2024-03-02T15:28:24-04:00;27,02;89,49;1004,79;39,17;100
2024-03-02T15:28:54-04:00;26,95;89,64;1004,75;39,17;100
2024-03-02T15:29:24-04:00;26,91;89,77;1004,72;39,07;100
2024-03-02T15:29:54-04:00;26,88;89,77;1004,7;39,24;100
2024-03-02T15:30:24-04:00;26,86;90;1004,7;38,93;100
2024-03-02T15:30:54-04:00;26,83;89,81;1004,69;39,63;100
2024-03-02T15:31:24-04:00;26,82;89,87;1004,69;39,38;100
2024-03-02T15:31:54-04:00;26,85;89,77;1004,69;39,1;100
2024-03-02T15:32:24-04:00;26,93;89,54;1004,69;39,48;100
2024-03-02T15:32:54-04:00;27,04;89,23;1004,7;38,56;100
2024-03-02T15:33:24-04:00;27,15;88,78;1004,7;38,76;100
2024-03-02T15:33:54-04:00;27,29;88,38;1004,7;38,72;100
2024-03-02T15:34:24-04:00;27,45;87,78;1004,7;38,42;100
2024-03-02T15:34:54-04:00;27,64;87,02;1004,71;38,09;100
2024-03-02T15:35:24-04:00;27,83;86,16;1004,7;38,19;100
2024-03-02T15:35:54-04:00;28,03;85,43;1004,71;37,9;100
2024-03-02T15:36:24-04:00;28,18;85;1004,72;37,64;100
2024-03-02T15:36:54-04:00;28,27;84;1004,73;37,64;100
2024-03-02T15:37:24-04:00;28,34;83,92;1004,73;37,93;100
2024-03-02T15:37:54-04:00;28,47;83,38;1004,73;37,58;100
2024-03-02T15:38:24-04:00;28,65;82,44;1004,73;37,38;100
2024-03-02T15:38:54-04:00;28,87;81,31;1004,71;37,16;100
2024-03-02T15:39:24-04:00;29,12;80;1004,7;36,58;100
2024-03-02T15:39:54-04:00;29,38;79,04;1004,68;36,25;100
2024-03-02T15:40:24-04:00;29,61;78,91;1004,68;36,02;100
2024-03-02T15:40:54-04:00;29,78;78,52;1004,66;35,84;100
2024-03-02T15:41:24-04:00;29,91;78,14;1004,65;35,75;100
2024-03-02T15:41:54-04:00;30,03;77,68;1004,66;35,72;100
2024-03-02T15:42:24-04:00;30,17;77;1004,66;35,72;100
2024-03-02T15:42:54-04:00;30,31;76,36;1004,66;35,44;100
2024-03-02T15:43:24-04:00;30,45;75,95;1004,67;35,3;100
2024-03-02T15:43:54-04:00;30,59;75,34;1004,67;35,16;100
2024-03-02T15:44:24-04:00;30,71;75,74;1004,68;35,07;100
2024-03-02T15:44:54-04:00;30,76;75,45;1004,69;35,05;100
2024-03-02T15:45:24-04:00;30,76;75,36;1004,69;35,35;100
2024-03-02T15:45:54-04:00;30,73;75,74;1004,69;35,33;100
2024-03-02T15:46:24-04:00;30,74;75,63;1004,69;35,44;100
2024-03-02T15:46:54-04:00;30,75;75,78;1004,68;35,33;100
2024-03-02T15:47:24-04:00;30,76;75,97;1004,67;35,41;100
2024-03-02T15:47:54-04:00;30,75;75,81;1004,67;35,58;100
2024-03-02T15:48:24-04:00;30,76;75,56;1004,66;35,64;100
2024-03-02T15:48:54-04:00;30,74;75,4;1004,64;35,75;100
2024-03-02T15:49:24-04:00;30,72;75,55;1004,63;35,7;100
2024-03-02T15:49:54-04:00;30,65;75,65;1004,61;36,13;100
2024-03-02T15:50:24-04:00;30,58;75,96;1004,59;36,1;100
2024-03-02T15:50:54-04:00;30,54;76,08;1004,57;36,19;100
2024-03-02T15:51:24-04:00;30,52;76,05;1004,55;36,13;100
2024-03-02T15:51:54-04:00;30,52;76;1004,54;36,28;100
2024-03-02T15:52:24-04:00;30,57;75,52;1004,53;36,22;100
2024-03-02T15:52:54-04:00;30,65;75,03;1004,51;36,13;100
2024-03-02T15:53:24-04:00;30,75;74,58;1004,51;35,99;100
2024-03-02T15:53:54-04:00;30,86;74,31;1004,5;35,9;100
2024-03-02T15:54:24-04:00;30,97;74,09;1004,5;35,81;100
2024-03-02T15:54:54-04:00;31,07;74;1004,49;35,55;100
2024-03-02T15:55:24-04:00;31,15;74;1004,46;35,5;100
2024-03-02T15:55:54-04:00;31,19;74,05;1004,45;35,64;100
2024-03-02T15:56:24-04:00;31,19;74,37;1004,43;35,67;100
2024-03-02T15:56:54-04:00;31,15;74,96;1004,41;35,81;100
2024-03-02T15:57:24-04:00;31,06;75,62;1004,38;35,99;100
2024-03-02T15:57:54-04:00;30,95;76,08;1004,37;36,19;100
2024-03-02T15:58:24-04:00;30,81;76,5;1004,34;36,43;100
2024-03-02T15:58:54-04:00;30,65;76,95;1004,31;36,64;100
2024-03-02T15:59:24-04:00;30,47;77,63;1004,29;37,07;100
2024-03-02T15:59:54-04:00;30,3;78,09;1004,27;37,38;100
2024-03-02T16:00:24-04:00;30,14;78,47;1004,26;37,58;100
2024-03-02T16:00:54-04:00;30,04;78,64;1004,24;37,61;100
2024-03-02T16:01:24-04:00;30;78,28;1004,23;37,58;100
2024-03-02T16:01:54-04:00;30,02;77,98;1004,21;37,7;100
2024-03-02T16:02:24-04:00;30,05;77,59;1004,19;37,51;100
2024-03-02T16:02:54-04:00;30,1;77,32;1004,18;37,45;100
2024-03-02T16:03:24-04:00;30,12;76,92;1004,16;37,58;100
2024-03-02T16:03:54-04:00;30,16;76,88;1004,14;37,48;100
2024-03-02T16:04:24-04:00;30,16;76,69;1004,12;37,42;100
2024-03-02T16:04:54-04:00;30,11;77,02;1004,1;37,61;100
2024-03-02T16:05:24-04:00;30,03;77,64;1004,08;37,58;100
2024-03-02T16:05:54-04:00;29,94;78,14;1004,06;37,96;100
2024-03-02T16:06:24-04:00;29,81;78,71;1004,03;38,03;100
2024-03-02T16:06:54-04:00;29,67;79,36;1004,01;38,59;100
2024-03-02T16:07:24-04:00;29,53;79,85;1003,98;38,52;100
2024-03-02T16:07:54-04:00;29,4;80,06;1003,95;38,86;100
2024-03-02T16:08:24-04:00;29,3;80,33;1003,92;39,34;100
2024-03-02T16:08:54-04:00;29,23;80,7;1003,89;39,24;100
2024-03-02T16:09:24-04:00;29,18;80,84;1003,87;39,34;100
2024-03-02T16:09:54-04:00;29,18;81;1003,86;39,24;100
2024-03-02T16:10:24-04:00;29,25;80,33;1003,85;38,93;100
2024-03-02T16:10:54-04:00;29,36;79,59;1003,85;38,72;100
2024-03-02T16:11:24-04:00;29,51;78,67;1003,84;38,39;100
2024-03-02T16:11:54-04:00;29,69;77,89;1003,84;38,12;100
2024-03-02T16:12:24-04:00;29,88;77,46;1003,84;37,64;100
2024-03-02T16:12:54-04:00;30,08;76,94;1003,84;37,29;100
2024-03-02T16:13:24-04:00;30,23;76,68;1003,85;37,2;100
2024-03-02T16:13:54-04:00;30,37;76,32;1003,85;37,01;100
2024-03-02T16:14:24-04:00;30,46;76,13;1003,86;36,82;100
2024-03-02T16:14:54-04:00;30,52;75,94;1003,86;36,95;100
2024-03-02T16:15:24-04:00;30,51;76,24;1003,87;37,1;100
2024-03-02T16:15:54-04:00;30,47;76,54;1003,88;37,26;100
2024-03-02T16:16:24-04:00;30,42;76,79;1003,89;37,2;100
2024-03-02T16:16:54-04:00;30,39;76,95;1003,9;37,23;100
2024-03-02T16:17:24-04:00;30,35;76,99;1003,92;37,35;100
2024-03-02T16:17:54-04:00;30,31;76,99;1003,93;37,45;100
2024-03-02T16:18:24-04:00;30,3;76,96;1003,93;37,38;100
2024-03-02T16:18:54-04:00;30,27;77,09;1003,94;37,45;100
2024-03-02T16:19:24-04:00;30,24;77,13;1003,94;37,45;100
2024-03-02T16:19:54-04:00;30,18;77,33;1003,95;37,54;100
2024-03-02T16:20:24-04:00;30,11;77,63;1003,97;37,58;100
2024-03-02T16:20:54-04:00;30,03;77,92;1003,98;37,67;100
2024-03-02T16:21:24-04:00;29,94;78,01;1003,98;37,86;100
2024-03-02T16:21:54-04:00;29,82;78,53;1003,98;38,12;100
2024-03-02T16:22:24-04:00;29,7;79,02;1003,98;38,49;100
2024-03-02T16:22:54-04:00;29,61;79,32;1003,98;38,39;100
2024-03-02T16:23:24-04:00;29,54;79,4;1003,99;38,46;100
2024-03-02T16:23:54-04:00;29,46;79,5;1003,99;38,69;100
2024-03-02T16:24:24-04:00;29,41;79,74;1003,99;38,72;100
2024-03-02T16:24:54-04:00;29,36;79,87;1004,01;38,9;100
2024-03-02T16:25:24-04:00;29,31;80,12;1004,01;38,96;100
2024-03-02T16:25:54-04:00;29,25;80,33;1004,01;39;100
2024-03-02T16:26:24-04:00;29,2;80,49;1004,01;38,96;100
2024-03-02T16:26:54-04:00;29,14;80,81;1004,01;39,17;100
2024-03-02T16:27:24-04:00;29,09;80,96;1004;39,07;100
2024-03-02T16:27:54-04:00;29,09;80,86;1004;39,28;100
2024-03-02T16:28:24-04:00;29,08;80,83;1003,99;39,07;100
2024-03-02T16:28:54-04:00;29,11;80,79;1003,98;39,03;100
2024-03-02T16:29:24-04:00;29,12;80,52;1003,97;38,96;100
2024-03-02T16:29:54-04:00;29,14;80,53;1003,97;39;100
2024-03-02T16:30:24-04:00;29,15;80,45;1003,97;39,17;100
2024-03-02T16:30:54-04:00;29,18;80,43;1003,96;39;100
2024-03-02T16:31:24-04:00;29,24;80,29;1003,96;38,79;100
2024-03-02T16:31:54-04:00;29,35;79,76;1003,95;38,22;100
2024-03-02T16:32:24-04:00;29,5;79,07;1003,96;37,96;100
2024-03-02T16:32:54-04:00;29,65;78,85;1003,96;37,74;100
2024-03-02T16:33:24-04:00;29,77;78,43;1003,97;37,32;100
2024-03-02T16:33:54-04:00;29,84;78,18;1003,96;37,42;100
2024-03-02T16:34:24-04:00;29,88;78,22;1003,95;37,45;100
2024-03-02T16:34:54-04:00;29,92;78,09;1003,95;37,23;100
2024-03-02T16:35:24-04:00;29,99;77,97;1003,95;37,26;100
2024-03-02T16:35:54-04:00;30,04;77,73;1003,95;37,16;100
2024-03-02T16:36:24-04:00;30,12;77,42;1003,96;36,92;100
2024-03-02T16:36:54-04:00;30,22;77;1003,96;36,86;100
2024-03-02T16:37:24-04:00;30,33;76,55;1003,97;36,7;100
2024-03-02T16:37:54-04:00;30,42;76;1003,97;36,46;100
2024-03-02T16:38:24-04:00;30,49;76,28;1003,97;36,4;100
2024-03-02T16:38:54-04:00;30,52;76,25;1003,98;36,43;100
2024-03-02T16:39:24-04:00;30,52;75,9;1004;36,55;100
2024-03-02T16:39:54-04:00;30,48;76,21;1004,01;36,61;100
2024-03-02T16:40:24-04:00;30,43;76,47;1004,02;36,67;100
2024-03-02T16:40:54-04:00;30,38;76,72;1004,03;36,79;100
2024-03-02T16:41:24-04:00;30,32;76,8;1004,04;36,89;100
2024-03-02T16:41:54-04:00;30,25;76,68;1004,05;37,1;100
2024-03-02T16:42:24-04:00;30,16;76,86;1004,07;37,13;100
2024-03-02T16:42:54-04:00;30,1;77,06;1004,09;37,2;100
2024-03-02T16:43:24-04:00;30,08;77,22;1004,11;37,29;100
2024-03-02T16:43:54-04:00;30,07;77,46;1004,13;37,1;100
2024-03-02T16:44:24-04:00;30,05;77,81;1004,15;37,2;100
2024-03-02T16:44:54-04:00;30,01;78,3;1004,17;36,95;100
2024-03-02T16:45:24-04:00;29,97;78,64;1004,19;37,13;100
2024-03-02T16:45:54-04:00;29,95;78,64;1004,19;37,2;100
2024-03-02T16:46:24-04:00;29,98;78,28;1004,21;37,07;100
2024-03-02T16:46:54-04:00;30,03;77,91;1004,22;37,1;100
2024-03-02T16:47:24-04:00;30,09;77;1004,22;36,89;100
2024-03-02T16:47:54-04:00;30,19;77,12;1004,24;36,7;100
2024-03-02T16:48:24-04:00;30,29;76,91;1004,26;36,49;100
2024-03-02T16:48:54-04:00;30,38;76,84;1004,28;36,31;100
2024-03-02T16:49:24-04:00;30,43;76,74;1004,29;36,37;100
2024-03-02T16:49:54-04:00;30,45;76,6;1004,3;36,28;100
2024-03-02T16:50:24-04:00;30,49;76,09;1004,32;36,25;100
2024-03-02T16:50:54-04:00;30,55;75,61;1004,34;36,34;100
2024-03-02T16:51:24-04:00;30,64;75,21;1004,35;36,1;100
2024-03-02T16:51:54-04:00;30,74;75;1004,36;36,1;100
2024-03-02T16:52:24-04:00;30,85;74,23;1004,37;35,87;100
2024-03-02T16:52:54-04:00;30,97;73,74;1004,38;35,72;100
2024-03-02T16:53:24-04:00;31,07;73,33;1004,39;35,58;100
2024-03-02T16:53:54-04:00;31,16;73,37;1004,4;35,3;100
2024-03-02T16:54:24-04:00;31,24;73,76;1004,42;35,19;100
2024-03-02T16:54:54-04:00;31,31;73,71;1004,43;35,02;100
2024-03-02T16:55:24-04:00;31,37;73,69;1004,43;34,99;100
2024-03-02T16:55:54-04:00;31,42;73,64;1004,45;34,96;100
2024-03-02T16:56:24-04:00;31,46;73,62;1004,45;34,96;100
2024-03-02T16:56:54-04:00;31,5;73,18;1004,46;34,94;100
2024-03-02T16:57:24-04:00;31,46;73,9;1004,46;34,99;100
2024-03-02T16:57:54-04:00;31,42;74,09;1004,47;35,16;100
2024-03-02T16:58:24-04:00;31,32;74,63;1004,47;35,33;100
2024-03-02T16:58:54-04:00;31,2;75,31;1004,48;35,5;100
2024-03-02T16:59:24-04:00;31,07;75,62;1004,49;35,55;100
2024-03-02T16:59:54-04:00;30,97;75,83;1004,49;35,87;100
2024-03-02T17:00:24-04:00;30,87;76,15;1004,49;36,1;100
2024-03-02T17:00:54-04:00;30,76;76,6;1004,48;36,02;100
2024-03-02T17:01:24-04:00;30,62;77,49;1004,49;36,19;100
2024-03-02T17:01:54-04:00;30,45;78,1;1004,5;36,49;100
2024-03-02T17:02:24-04:00;30,24;78,97;1004,51;36,58;100
2024-03-02T17:02:54-04:00;30,04;79,86;1004,52;36,95;100
2024-03-02T17:03:24-04:00;29,86;80,22;1004,52;37,29;100
2024-03-02T17:03:54-04:00;29,68;80,77;1004,51;37,54;100
2024-03-02T17:04:24-04:00;29,56;81,12;1004,51;37,77;100
2024-03-02T17:04:54-04:00;29,48;81,11;1004,5;37,77;100
2024-03-02T17:05:24-04:00;29,39;81,35;1004,5;37,9;100
2024-03-02T17:05:54-04:00;29,33;81,32;1004,49;37,9;100
2024-03-02T17:06:24-04:00;29,28;81,38;1004,48;38,09;100
2024-03-02T17:06:54-04:00;29,27;81,31;1004,48;37,99;100
2024-03-02T17:07:24-04:00;29,24;81,34;1004,47;38,09;100
2024-03-02T17:07:54-04:00;29,23;81,35;1004,46;38,22;100
2024-03-02T17:08:24-04:00;29,24;81,26;1004,46;37,86;100
2024-03-02T17:08:54-04:00;29,25;81;1004,45;37,9;100
2024-03-02T17:09:24-04:00;29,26;81,11;1004,44;37,86;100
2024-03-02T17:09:54-04:00;29,23;81,14;1004,44;38,12;100
2024-03-02T17:10:24-04:00;29,2;81,33;1004,45;38,06;100
2024-03-02T17:10:54-04:00;29,16;81;1004,44;38,22;100
2024-03-02T17:11:24-04:00;29,11;82;1004,43;38,39;100
2024-03-02T17:11:54-04:00;29,06;81,71;1004,44;38,52;100
2024-03-02T17:12:24-04:00;29;81,79;1004,43;38,42;100
2024-03-02T17:12:54-04:00;28,94;81,95;1004,42;38,52;100
2024-03-02T17:13:24-04:00;28,88;82,09;1004,41;38,86;100
2024-03-02T17:13:54-04:00;28,82;82;1004,41;38,79;100
2024-03-02T17:14:24-04:00;28,78;82;1004,41;38,52;100
2024-03-02T17:14:54-04:00;28,77;82,38;1004,41;38,72;100
2024-03-02T17:15:24-04:00;28,82;82,1;1004,41;38,56;100
2024-03-02T17:15:54-04:00;28,88;82,06;1004,41;38,22;100
2024-03-02T17:16:24-04:00;28,94;81,8;1004,42;38,29;100
2024-03-02T17:16:54-04:00;28,97;81,51;1004,42;38,22;100
2024-03-02T17:17:24-04:00;28,98;81,38;1004,42;38,26;100
2024-03-02T17:17:54-04:00;28,97;81,46;1004,42;38,29;100
2024-03-02T17:18:24-04:00;28,97;82;1004,42;38,42;100
2024-03-02T17:18:54-04:00;28,97;82;1004,42;38,26;100
2024-03-02T17:19:24-04:00;28,96;82;1004,44;38,19;100
2024-03-02T17:19:54-04:00;28,97;81,49;1004,43;38,16;100
2024-03-02T17:20:24-04:00;29,01;81;1004,43;38,03;100
2024-03-02T17:20:54-04:00;29,09;80,9;1004,43;37,96;100
2024-03-02T17:21:24-04:00;29,14;80,83;1004,44;37,64;100
2024-03-02T17:21:54-04:00;29,19;80,63;1004,45;37,74;100
2024-03-02T17:22:24-04:00;29,23;80,5;1004,47;37,32;100
2024-03-02T17:22:54-04:00;29,23;80,5;1004,47;37,42;100
2024-03-02T17:23:24-04:00;29,22;80,42;1004,47;37,7;100
2024-03-02T17:23:54-04:00;29,19;81;1004,49;37,61;100
2024-03-02T17:24:24-04:00;29,18;80,52;1004,49;37,38;100
2024-03-02T17:24:54-04:00;29,17;80;1004,49;37,51;100
2024-03-02T17:25:24-04:00;29,17;80,49;1004,5;37,64;100
2024-03-02T17:25:54-04:00;29,19;80;1004,5;37,45;100
2024-03-02T17:26:24-04:00;29,2;80,45;1004,5;37,29;100
2024-03-02T17:26:54-04:00;29,2;80,46;1004,5;37,42;100
2024-03-02T17:27:24-04:00;29,17;80,56;1004,5;37,64;100
2024-03-02T17:27:54-04:00;29,13;80,86;1004,51;37,8;100
2024-03-02T17:28:24-04:00;29,08;81;1004,52;37,99;100
2024-03-02T17:28:54-04:00;29,03;81,44;1004,52;37,9;100
2024-03-02T17:29:24-04:00;29;81,47;1004,52;37,9;100
2024-03-02T17:29:54-04:00;28,96;82;1004,52;37,83;100
2024-03-02T17:30:24-04:00;28,95;82;1004,53;37,8;100
2024-03-02T17:30:54-04:00;28,96;81,39;1004,53;37,77;100
2024-03-02T17:31:24-04:00;28,99;81,26;1004,54;37,61;100
2024-03-02T17:31:54-04:00;29,06;80,88;1004,54;37,45;100
2024-03-02T17:32:24-04:00;29,14;80,61;1004,55;37,35;100
2024-03-02T17:32:54-04:00;29,24;80,22;1004,56;37,2;100
2024-03-02T17:33:24-04:00;29,35;79,78;1004,55;36,82;100
2024-03-02T17:33:54-04:00;29,48;79,25;1004,55;36,64;100
2024-03-02T17:34:24-04:00;29,64;78,56;1004,56;36,52;100
2024-03-02T17:34:54-04:00;29,81;77,83;1004,56;36,16;100
2024-03-02T17:35:24-04:00;29,98;77,11;1004,56;35,99;100
2024-03-02T17:35:54-04:00;30,14;76,63;1004,56;35,75;100
2024-03-02T17:36:24-04:00;30,25;76,04;1004,56;35,61;100
2024-03-02T17:36:54-04:00;30,31;75,92;1004,55;35,61;100
2024-03-02T17:37:24-04:00;30,38;75,95;1004,56;35,41;100
2024-03-02T17:37:54-04:00;30,45;75,63;1004,56;35,41;100
2024-03-02T17:38:24-04:00;30,53;75,24;1004,55;35,41;100
2024-03-02T17:38:54-04:00;30,63;74,62;1004,55;35,24;100
2024-03-02T17:39:24-04:00;30,74;74,14;1004,56;35,05;100
2024-03-02T17:39:54-04:00;30,82;73,75;1004,57;34,96;100
2024-03-02T17:40:24-04:00;30,91;73,39;1004,58;34,88;100
2024-03-02T17:40:54-04:00;30,99;73,29;1004,6;34,77;100
2024-03-02T17:41:28-04:00;31,07;72,89;1004,61;34,61;100
2024-03-02T17:41:54-04:00;31,16;72,33;1004,63;34,45;100
2024-03-02T17:42:24-04:00;31,25;72,25;1004,64;34,31;100
2024-03-02T17:42:54-04:00;31,33;71,73;1004,65;34,29;100
2024-03-02T17:43:24-04:00;31,4;71,55;1004,65;34,15;100
2024-03-02T17:43:54-04:00;31,48;71,79;1004,65;34,1;100
2024-03-02T17:44:24-04:00;31,55;71,04;1004,65;33,97;100
2024-03-02T17:44:54-04:00;31,62;71,56;1004,64;33,87;100
2024-03-02T17:45:24-04:00;31,67;71,53;1004,62;33,74;100
2024-03-02T17:45:54-04:00;31,73;70,72;1004,62;33,87;100
2024-03-02T17:46:24-04:00;31,76;70,77;1004,63;33,74;100
2024-03-02T17:46:54-04:00;31,75;71,25;1004,64;33,76;100
2024-03-02T17:47:24-04:00;31,77;70,82;1004,66;33,89;100
2024-03-02T17:47:54-04:00;31,77;71,1;1004,67;33,81;100
2024-03-02T17:48:24-04:00;31,77;71,34;1004,67;33,79;100
2024-03-02T17:48:54-04:00;31,78;70,79;1004,68;33,79;100
2024-03-02T17:49:24-04:00;31,79;70,66;1004,69;33,84;100
2024-03-02T17:49:54-04:00;31,76;71,81;1004,69;33,76;100
2024-03-02T17:50:24-04:00;31,72;72,2;1004,69;33,79;100
2024-03-02T17:50:54-04:00;31,64;73,01;1004,71;33,92;100
2024-03-02T17:51:24-04:00;31,59;72,78;1004,71;34,08;100
2024-03-02T17:51:54-04:00;31,56;72,1;1004,71;34,08;100
2024-03-02T17:52:24-04:00;31,51;73,23;1004,71;34,08;100
2024-03-02T17:52:54-04:00;31,49;73,32;1004,71;34,02;100
2024-03-02T17:53:24-04:00;31,5;72,84;1004,71;34,1;100
2024-03-02T17:53:54-04:00;31,51;72,5;1004,71;34,08;100
2024-03-02T17:54:24-04:00;31,55;71,78;1004,71;34,08;100
2024-03-02T17:54:54-04:00;31,58;71,93;1004,71;33,97;100
2024-03-02T17:55:24-04:00;31,62;72,09;1004,71;33,89;100
2024-03-02T17:55:54-04:00;31,65;71;1004,71;33,89;100
2024-03-02T17:56:24-04:00;31,69;71,54;1004,72;33,81;100
2024-03-02T17:56:54-04:00;31,73;71,04;1004,72;33,79;100
2024-03-02T17:57:24-04:00;31,77;70,76;1004,73;33,76;100
2024-03-02T17:57:54-04:00;31,79;70,9;1004,73;33,76;100
2024-03-02T17:58:24-04:00;31,82;70,89;1004,74;33,87;100
2024-03-02T17:58:54-04:00;31,82;71,69;1004,74;33,43;100
2024-03-02T17:59:24-04:00;31,83;71,01;1004,75;33,61;100
2024-03-02T17:59:54-04:00;31,85;70,79;1004,75;33,81;100
2024-03-02T18:00:24-04:00;31,84;71,83;1004,76;33,56;100
2024-03-02T18:00:54-04:00;31,85;70,94;1004,77;33,63;100
2024-03-02T18:01:24-04:00;31,83;72,25;1004,77;33,61;100
2024-03-02T18:01:54-04:00;31,81;72,63;1004,77;33,61;98
2024-03-02T18:02:24-04:00;31,77;72,9;1004,78;33,69;94
2024-03-02T18:02:54-04:00;31,74;73,18;1004,79;33,71;92
2024-03-02T18:03:24-04:00;31,72;72,32;1004,79;33,81;88
2024-03-02T18:03:54-04:00;31,73;71,49;1004,8;33,87;83
2024-03-02T18:04:24-04:00;31,73;72,52;1004,79;33,76;79
2024-03-02T18:04:54-04:00;31,73;71,88;1004,79;33,81;75
2024-03-02T18:05:24-04:00;31,74;72,13;1004,8;33,71;71
2024-03-02T18:05:54-04:00;31,76;72,51;1004,81;33,61;67
2024-03-02T18:06:24-04:00;31,79;72,49;1004,82;33,51;63
2024-03-02T18:06:54-04:00;31,83;72;1004,82;33,48;60
2024-03-02T18:07:24-04:00;31,88;71,43;1004,82;33,69;57
2024-03-02T18:07:54-04:00;31,92;71,39;1004,83;33,53;55
2024-03-02T18:08:24-04:00;31,94;71;1004,82;33,53;56
2024-03-02T18:08:54-04:00;31,96;70,96;1004,82;33,48;50
2024-03-02T18:09:24-04:00;31,96;71,9;1004,83;33,41;48
2024-03-02T18:09:54-04:00;31,96;72,02;1004,84;33,28;47
2024-03-02T18:10:24-04:00;31,97;71,62;1004,84;33,28;42
2024-03-02T18:10:54-04:00;31,97;71,08;1004,84;33,74;41
2024-03-02T18:11:24-04:00;31,97;70,93;1004,85;33,56;37
2024-03-02T18:11:54-04:00;32;70,62;1004,86;33,53;33
2024-03-02T18:12:24-04:00;32,01;70,48;1004,88;33,48;30
2024-03-02T18:12:54-04:00;32;70,65;1004,89;33,48;26
2024-03-02T18:13:24-04:00;31,98;70,79;1004,91;33,31;23
2024-03-02T18:13:54-04:00;31,94;70,89;1004,92;33,31;20
2024-03-02T18:14:24-04:00;31,9;70,85;1004,92;33,36;17
2024-03-02T18:14:54-04:00;31,84;70,77;1004,94;33,56;14
2024-03-02T18:15:24-04:00;31,77;71,07;1004,96;33,76;11
2024-03-02T18:15:54-04:00;31,7;71,24;1004,98;33,87;9
2024-03-02T18:16:24-04:00;31,65;71,09;1005;33,84;7
2024-03-02T18:16:54-04:00;31,6;73,13;1005,01;33,71;5
2024-03-02T18:17:24-04:00;31,57;71,91;1005,01;33,76;4
2024-03-02T18:17:54-04:00;31,54;73,05;1005,02;33,74;2
2024-03-02T18:18:24-04:00;31,51;71,89;1005,03;33,84;1
2024-03-02T18:18:54-04:00;31,48;72,56;1005,04;33,89;1
2024-03-02T18:19:24-04:00;31,47;71,88;1005,05;33,92;2
2024-03-02T18:19:54-04:00;31,45;72,89;1005,06;33,92;2
2024-03-02T18:20:24-04:00;31,43;71,57;1005,07;34,05;2
2024-03-02T18:20:54-04:00;31,41;71,6;1005,08;34,1;1
2024-03-02T18:21:24-04:00;31,39;72,78;1005,09;34,1;1
2024-03-02T18:21:54-04:00;31,36;72,02;1005,1;33,97;1
2024-03-02T18:22:24-04:00;31,35;71,79;1005,1;34,21;1
2024-03-02T18:22:54-04:00;31,33;71,64;1005,11;34,21;0
2024-03-02T18:23:24-04:00;31,32;71,62;1005,12;34,21;0
2024-03-02T18:23:54-04:00;31,3;71,81;1005,13;34,21;0
2024-03-02T18:24:24-04:00;31,29;71,84;1005,15;34,23;0
2024-03-02T18:24:54-04:00;31,23;73,85;1005,15;34,1;0
2024-03-02T18:25:24-04:00;31,19;72,68;1005,16;34,21;0
2024-03-02T18:25:54-04:00;31,17;72,37;1005,18;34,34;0
2024-03-02T18:26:24-04:00;31,13;72,89;1005,19;34,29;0
2024-03-02T18:26:54-04:00;31,1;72,7;1005,19;34,5;0
2024-03-02T18:27:24-04:00;31,1;72,74;1005,18;34,42;0
2024-03-02T18:27:54-04:00;31,12;72,35;1005,18;34,31;0
2024-03-02T18:28:24-04:00;31,15;71,99;1005,19;34,29;0
2024-03-02T18:28:54-04:00;31,18;72,19;1005,19;34,21;0
2024-03-02T18:29:24-04:00;31,21;71,81;1005,19;34,18;0
2024-03-02T18:29:54-04:00;31,24;71,69;1005,18;34,18;0
2024-03-02T18:30:24-04:00;31,26;71,59;1005,16;34,1;0
2024-03-02T18:30:54-04:00;31,29;71,46;1005,16;34,08;0
2024-03-02T18:31:24-04:00;31,32;71,36;1005,16;34,08;0
2024-03-02T18:31:54-04:00;31,34;71,22;1005,15;34,05;0
2024-03-02T18:32:24-04:00;31,36;71,96;1005,15;33,92;0
2024-03-02T18:32:54-04:00;31,39;71,26;1005,15;33,92;0
2024-03-02T18:33:24-04:00;31,41;71,14;1005,14;33,89;0
2024-03-02T18:33:54-04:00;31,41;71,34;1005,14;33,87;0
2024-03-02T18:34:24-04:00;31,42;71;1005,14;33,79;0
2024-03-02T18:34:54-04:00;31,44;71,03;1005,13;33,79;0
2024-03-02T18:35:24-04:00;31,46;70,95;1005,14;33,79;0
2024-03-02T18:35:54-04:00;31,48;70,88;1005,13;33,66;0
2024-03-02T18:36:24-04:00;31,51;70,82;1005,13;33,66;0
2024-03-02T18:36:54-04:00;31,52;70,74;1005,12;33,66;0
2024-03-02T18:37:24-04:00;31,54;70,75;1005,11;33,58;0
2024-03-02T18:37:54-04:00;31,54;70,84;1005,1;33,56;0
2024-03-02T18:38:24-04:00;31,55;71;1005,09;33,58;0
2024-03-02T18:38:54-04:00;31,55;70,88;1005,08;33,58;0
2024-03-02T18:39:24-04:00;31,55;70,88;1005,07;33,58;0
2024-03-02T18:39:54-04:00;31,56;70,88;1005,06;33,56;0
2024-03-02T18:40:24-04:00;31,55;71,6;1005,05;33,53;0
2024-03-02T18:40:54-04:00;31,53;72;1005,04;33,58;0
2024-03-02T18:41:24-04:00;31,44;73,17;1005,05;33,79;0
2024-03-02T18:41:54-04:00;31,36;73;1005,05;33,79;0
2024-03-02T18:42:24-04:00;31,31;72,59;1005,04;33,97;0
2024-03-02T18:42:54-04:00;31,26;72,8;1005,03;34,05;0
2024-03-02T18:43:24-04:00;31,22;73,37;1005,02;34;0
2024-03-02T18:43:54-04:00;31,15;73,85;1005,01;34,13;0
2024-03-02T18:44:24-04:00;31,08;74,21;1004,99;34,18;0
2024-03-02T18:44:54-04:00;31,01;74,72;1004,99;34,23;0
2024-03-02T18:45:24-04:00;30,92;74,96;1004,98;34,29;0
2024-03-02T18:45:54-04:00;30,86;74,68;1004,97;34,61;0
2024-03-02T18:46:24-04:00;30,8;75,49;1004,97;34,66;0
2024-03-02T18:46:54-04:00;30,75;75,69;1004,95;34,53;0
2024-03-02T18:47:24-04:00;30,7;75,96;1004,95;34,66;0
2024-03-02T18:47:54-04:00;30,63;76,29;1004,95;34,69;0
2024-03-02T18:48:24-04:00;30,57;76,33;1004,95;34,72;0
2024-03-02T18:48:54-04:00;30,52;76,47;1004,95;34,82;0
2024-03-02T18:49:24-04:00;30,47;76,82;1004,95;34,82;0
2024-03-02T18:49:54-04:00;30,42;77,03;1004,95;35,07;0
2024-03-02T18:50:24-04:00;30,37;77,07;1004,95;35,02;0
2024-03-02T18:50:54-04:00;30,32;77;1004,96;35,21;0
2024-03-02T18:51:24-04:00;30,27;77,43;1004,97;35,21;0
2024-03-02T18:51:54-04:00;30,21;77,8;1004,98;35,16;0
2024-03-02T18:52:24-04:00;30,16;77,83;1005;35,35;0
2024-03-02T18:52:54-04:00;30,11;77,93;1005,01;35,27;0
2024-03-02T18:53:24-04:00;30,08;78,28;1005,03;35,44;0
2024-03-02T18:53:54-04:00;30,07;78,08;1005,05;35,47;0
2024-03-02T18:54:24-04:00;30,04;78,17;1005,05;35,44;0
2024-03-02T18:54:54-04:00;29,97;78,78;1005,06;35,7;0
2024-03-02T18:55:24-04:00;29,92;79,15;1005,06;35,72;0
2024-03-02T18:55:54-04:00;29,9;79,06;1005,07;35,84;0
2024-03-02T18:56:24-04:00;29,89;79,01;1005,07;35,75;0
2024-03-02T18:56:54-04:00;29,88;79,12;1005,07;35,75;0
2024-03-02T18:57:24-04:00;29,88;79,09;1005,07;35,67;0
2024-03-02T18:57:54-04:00;29,89;78,86;1005,05;35,78;0
2024-03-02T18:58:24-04:00;29,89;78,82;1005,04;35,64;0
2024-03-02T18:58:54-04:00;29,9;78,69;1005,03;35,58;2
2024-03-02T18:59:24-04:00;29,91;78,61;1005,02;35,75;0
2024-03-02T18:59:54-04:00;29,93;78,38;1005,01;35,67;0
2024-03-02T19:00:24-04:00;29,94;78,56;1005;35,61;0
2024-03-02T19:00:54-04:00;29,95;78,61;1005;35,55;0
2024-03-02T19:01:24-04:00;29,96;79;1005;35,47;0
2024-03-02T19:01:54-04:00;29,96;78,64;1005;35,5;0
2024-03-02T19:02:24-04:00;29,97;78,69;1005,01;35,47;0
2024-03-02T19:02:54-04:00;29,98;78,57;1005,01;35,44;0
2024-03-02T19:03:24-04:00;29,98;78,59;1005,01;35,41;100
2024-03-02T19:03:54-04:00;29,99;78,51;1005,03;35,3;100
2024-03-02T19:04:24-04:00;30,01;78,57;1005,03;35,3;100
2024-03-02T19:04:54-04:00;30,04;78,1;1005,04;35,3;100
2024-03-02T19:05:24-04:00;30,07;78,15;1005,05;35,33;100
2024-03-02T19:05:54-04:00;30,09;78,06;1005,05;35,27;100
2024-03-02T19:06:24-04:00;30,1;78,12;1005,06;34,88;100
2024-03-02T19:06:54-04:00;30,11;78,35;1005,06;35,16;100
2024-03-02T19:07:24-04:00;30,1;78,47;1005,06;35,24;100
2024-03-02T19:07:54-04:00;30,1;78,67;1005,07;35,07;100
2024-03-02T19:08:24-04:00;30,1;78,88;1005,07;35,07;100
2024-03-02T19:08:54-04:00;30,08;78,95;1005,07;35,19;100
2024-03-02T19:09:24-04:00;30,08;78,81;1005,08;35,38;100
2024-03-02T19:09:54-04:00;30,07;78,78;1005,08;35,21;100
2024-03-02T19:10:24-04:00;30,06;78,68;1005,07;35,47;100
2024-03-02T19:10:54-04:00;30,03;78,85;1005,07;35,55;100
2024-03-02T19:11:24-04:00;30,02;78,81;1005,07;35,52;100
2024-03-02T19:11:54-04:00;30,01;78,99;1005,06;35,47;100
2024-03-02T19:12:24-04:00;30;79,06;1005,06;35,38;100
2024-03-02T19:12:54-04:00;30;78,85;1005,05;35,19;100
2024-03-02T19:13:24-04:00;30;78,88;1005,05;35,44;100
2024-03-02T19:13:54-04:00;30;78,89;1005,05;35,52;100
2024-03-02T19:14:24-04:00;29,99;79;1005,04;35,35;100
2024-03-02T19:14:54-04:00;29,97;79,02;1005,04;35,55;100
2024-03-02T19:15:24-04:00;29,96;79,04;1005,03;35,47;100
2024-03-02T19:15:54-04:00;29,96;79,03;1005,03;35,52;100
2024-03-02T19:16:24-04:00;29,96;79,02;1005,03;35,58;100
2024-03-02T19:16:54-04:00;29,96;78,98;1005,02;35,47;100
2024-03-02T19:17:24-04:00;29,97;78,99;1005,01;35,33;100
2024-03-02T19:17:54-04:00;29,98;79;1005,01;35,44;100
2024-03-02T19:18:24-04:00;29,99;78,95;1005,01;35,41;100
2024-03-02T19:18:54-04:00;30,01;78,91;1005,01;35,27;100
2024-03-02T19:19:24-04:00;30,01;78,81;1005,01;35,52;100
2024-03-02T19:19:54-04:00;30,01;78,81;1005,02;35,35;100
2024-03-02T19:20:24-04:00;30;79;1005,02;35,44;100
2024-03-02T19:20:54-04:00;30;79;1005,02;35,27;100
2024-03-02T19:21:24-04:00;30;79,07;1005,02;35,38;100
2024-03-02T19:21:54-04:00;29,98;79,2;1005,02;35,44;100
2024-03-02T19:22:24-04:00;29,97;79,22;1005,02;35,38;100
2024-03-02T19:22:54-04:00;29,97;79,24;1005,03;35,44;100
2024-03-02T19:23:24-04:00;29,97;79,07;1005,04;35,52;100
2024-03-02T19:23:54-04:00;29,96;79,18;1005,06;35,64;100
2024-03-02T19:24:24-04:00;29,95;79,47;1005,07;35,5;100
2024-03-02T19:24:54-04:00;29,95;79,52;1005,08;35,47;100
2024-03-02T19:25:24-04:00;29,96;79,52;1005,08;35,47;100
2024-03-02T19:25:54-04:00;29,95;79,44;1005,08;35,47;100
2024-03-02T19:26:24-04:00;29,95;79,48;1005,1;35,55;100
2024-03-02T19:26:54-04:00;29,97;79,07;1005,1;35,41;100
2024-03-02T19:27:24-04:00;29,99;79,14;1005,12;35,38;100
2024-03-02T19:27:54-04:00;30,02;79,05;1005,13;35,3;100
2024-03-02T19:28:24-04:00;30,04;78,96;1005,13;35,3;100
2024-03-02T19:28:54-04:00;30,06;78,96;1005,15;35,21;100
2024-03-02T19:29:24-04:00;30,08;78,96;1005,14;35,24;100
2024-03-02T19:29:54-04:00;30,1;79;1005,15;35,16;100
2024-03-02T19:30:24-04:00;30,1;79,06;1005,16;35,19;100
2024-03-02T19:30:54-04:00;30,11;79,1;1005,17;35,07;100
2024-03-02T19:31:24-04:00;30,12;79,01;1005,19;35,1;100
2024-03-02T19:31:54-04:00;30,12;78,98;1005,2;35,02;100
2024-03-02T19:32:24-04:00;30,13;79,05;1005,21;34,96;100
2024-03-02T19:32:54-04:00;30,13;79,09;1005,22;34,85;100
2024-03-02T19:33:24-04:00;30,14;79,05;1005,23;34,99;100
2024-03-02T19:33:54-04:00;30,14;79;1005,21;35,02;100
2024-03-02T19:34:24-04:00;30,14;78,86;1005,2;35,02;100
2024-03-02T19:34:54-04:00;30,13;78,85;1005,2;35,1;100
2024-03-02T19:35:24-04:00;30,13;78,91;1005,2;34,8;100
2024-03-02T19:35:54-04:00;30,12;79;1005,2;34,58;100
2024-03-02T19:36:24-04:00;30,12;78,92;1005,21;34,88;100
2024-03-02T19:36:54-04:00;30,12;78,95;1005,22;34,74;100
2024-03-02T19:37:24-04:00;30,13;78,95;1005,23;34,69;100
2024-03-02T19:37:54-04:00;30,13;78,91;1005,23;34,63;100
2024-03-02T19:38:24-04:00;30,13;78,89;1005,25;34,61;100
2024-03-02T19:38:54-04:00;30,13;78,85;1005,26;34,91;100
2024-03-02T19:39:24-04:00;30,12;78,93;1005,27;34,85;100
2024-03-02T19:39:54-04:00;30,12;78,9;1005,28;34,94;100
2024-03-02T19:40:24-04:00;30,11;79;1005,29;34,94;100
2024-03-02T19:40:54-04:00;30,11;78,81;1005,29;34,96;100
2024-03-02T19:41:24-04:00;30,11;78,58;1005,31;35,02;100
2024-03-02T19:41:54-04:00;30,1;78;1005,31;35,1;100
2024-03-02T19:42:24-04:00;30,1;78,49;1005,32;35,24;100
2024-03-02T19:42:54-04:00;30,1;78,45;1005,34;35,07;100
2024-03-02T19:43:24-04:00;30,1;78,36;1005,35;35,02;100
2024-03-02T19:43:54-04:00;30,1;78,3;1005,36;34,99;100
2024-03-02T19:44:24-04:00;30,1;78,29;1005,36;35,19;100
2024-03-02T19:44:54-04:00;30,1;78,28;1005,37;35,27;100
2024-03-02T19:45:24-04:00;30,1;78,03;1005,38;35,07;100
2024-03-02T19:45:54-04:00;30,1;78,09;1005,39;35,1;100
2024-03-02T19:46:24-04:00;30,09;78,25;1005,39;34,96;100
2024-03-02T19:46:54-04:00;30,09;78,22;1005,4;34,94;100
2024-03-02T19:47:24-04:00;30,08;78,12;1005,4;34,96;100
2024-03-02T19:47:54-04:00;30,07;78,16;1005,41;35,1;100
2024-03-02T19:48:24-04:00;30,07;78,1;1005,41;35,02;100
2024-03-02T19:48:54-04:00;30,05;78,14;1005,42;35,19;100
2024-03-02T19:49:24-04:00;30,04;78,08;1005,43;35,1;100
2024-03-02T19:49:54-04:00;30,04;78,1;1005,44;35,07;100
2024-03-02T19:50:24-04:00;30,05;78,17;1005,45;35,05;100
2024-03-02T19:50:54-04:00;30,06;78,17;1005,47;34,99;100
2024-03-02T19:51:24-04:00;30,06;78;1005,47;35,02;100
2024-03-02T19:51:54-04:00;30,05;78;1005,48;35,1;100
2024-03-02T19:52:24-04:00;30,05;78;1005,49;34,96;100
2024-03-02T19:52:54-04:00;30,06;78,03;1005,5;35,02;100
2024-03-02T19:53:24-04:00;30,06;78;1005,51;34,96;100
2024-03-02T19:53:54-04:00;30,06;78,16;1005,52;34,99;100
2024-03-02T19:54:24-04:00;30,07;78,25;1005,53;34,82;100
2024-03-02T19:54:54-04:00;30,07;78,21;1005,53;34,94;100
2024-03-02T19:55:24-04:00;30,08;78,24;1005,54;35,05;100
2024-03-02T19:55:54-04:00;30,08;78,26;1005,54;34,88;100
2024-03-02T19:56:24-04:00;30,08;78,07;1005,55;34,91;100
2024-03-02T19:56:54-04:00;30,07;78,13;1005,55;34,91;100
2024-03-02T19:57:24-04:00;30,06;78,07;1005,57;34,94;100
2024-03-02T19:57:54-04:00;30,05;78,11;1005,58;34,94;100
2024-03-02T19:58:24-04:00;30,03;77,96;1005,59;35,02;100
2024-03-02T19:58:54-04:00;30,03;78,12;1005,6;34,99;100
2024-03-02T19:59:24-04:00;30,03;78,12;1005,61;34,94;100
2024-03-02T19:59:54-04:00;30,03;78,12;1005,61;35,02;100
2024-03-02T20:00:24-04:00;30,03;78,12;1005,62;34,96;100
2024-03-02T20:00:54-04:00;30,02;78,14;1005,62;34,96;100
2024-03-02T20:01:24-04:00;30,01;78,2;1005,62;34,99;100
2024-03-02T20:01:54-04:00;30;78,15;1005,63;34,91;100
2024-03-02T20:02:24-04:00;30;78,15;1005,62;34,99;100
2024-03-02T20:02:54-04:00;29,99;78,12;1005,63;35,07;100
2024-03-02T20:03:24-04:00;29,99;78,07;1005,63;34,99;100
2024-03-02T20:03:54-04:00;29,99;78,07;1005,63;34,91;100
2024-03-02T20:04:24-04:00;29,99;77,98;1005,63;34,91;100
2024-03-02T20:04:54-04:00;30;77,89;1005,64;34,74;100
2024-03-02T20:05:24-04:00;30,01;77,96;1005,65;34,82;100
2024-03-02T20:05:54-04:00;30,02;77,78;1005,65;34,85;100
2024-03-02T20:06:24-04:00;30;78,03;1005,67;34,77;100
2024-03-02T20:06:54-04:00;30,01;78,09;1005,68;34,82;100
2024-03-02T20:07:24-04:00;29,99;78,25;1005,69;34,94;100
2024-03-02T20:07:54-04:00;29,98;78;1005,69;34,72;100
2024-03-02T20:08:24-04:00;29,96;78,7;1005,69;34,77;100
2024-03-02T20:08:54-04:00;29,95;78,71;1005,7;34,8;100
2024-03-02T20:09:24-04:00;29,96;78,62;1005,71;34,91;100
2024-03-02T20:09:54-04:00;29,97;78,45;1005,71;34,69;100
2024-03-02T20:10:24-04:00;29,99;78,32;1005,72;34,72;100
2024-03-02T20:10:54-04:00;30;78;1005,73;34,72;100
2024-03-02T20:11:24-04:00;30,01;78,59;1005,73;34,66;100
2024-03-02T20:11:54-04:00;30,02;78,57;1005,74;34,72;100
2024-03-02T20:12:24-04:00;30,02;78,45;1005,75;34,85;100
2024-03-02T20:12:54-04:00;30,03;78,46;1005,76;34,8;100
2024-03-02T20:13:24-04:00;30,04;78,38;1005,76;34,58;100
2024-03-02T20:13:54-04:00;30,05;78,27;1005,76;34,58;100
2024-03-02T20:14:24-04:00;30,05;78,29;1005,77;34,82;100
2024-03-02T20:14:54-04:00;30,04;78,4;1005,76;34,74;100
2024-03-02T20:15:24-04:00;30,03;78,36;1005,76;34,55;100
2024-03-02T20:15:54-04:00;30,02;78,51;1005,75;34,74;100
2024-03-02T20:16:24-04:00;30,03;78,42;1005,76;34,61;100
2024-03-02T20:16:54-04:00;30,03;78,29;1005,77;34,72;100
2024-03-02T20:17:24-04:00;30,03;78,42;1005,77;34,66;100
2024-03-02T20:17:54-04:00;30,03;78,45;1005,77;34,61;100
2024-03-02T20:18:24-04:00;30,03;78,51;1005,78;34,74;100
2024-03-02T20:18:54-04:00;30,03;78,32;1005,78;34,69;100
2024-03-02T20:19:24-04:00;30,04;78,43;1005,79;34,55;100
2024-03-02T20:19:54-04:00;30,04;78,46;1005,79;34,63;100
2024-03-02T20:20:24-04:00;30,04;78,54;1005,79;34,63;100
2024-03-02T20:20:54-04:00;30,05;78,5;1005,79;34,55;100
2024-03-02T20:21:24-04:00;30,06;78,4;1005,8;34,58;100
2024-03-02T20:21:54-04:00;30,06;78,34;1005,8;34,55;100
2024-03-02T20:22:24-04:00;30,07;78,26;1005,8;34,53;100
2024-03-02T20:22:54-04:00;30,07;78,38;1005,81;34,61;100
2024-03-02T20:23:24-04:00;30,07;78,44;1005,82;34,47;100
2024-03-02T20:23:54-04:00;30,07;78,5;1005,83;34,61;100
2024-03-02T20:24:24-04:00;30,06;78,38;1005,84;34,47;100
2024-03-02T20:24:54-04:00;30,05;78,72;1005,85;34,42;100
2024-03-02T20:25:24-04:00;30,05;78,6;1005,86;34,53;100
2024-03-02T20:25:54-04:00;30,04;79;1005,87;34,55;100
2024-03-02T20:26:24-04:00;30,05;78,58;1005,88;34,45;100
2024-03-02T20:26:54-04:00;30,05;78,63;1005,89;34,42;100
2024-03-02T20:27:24-04:00;30,04;78,81;1005,9;34,5;100
2024-03-02T20:27:54-04:00;30,02;79;1005,91;34,34;100
2024-03-02T20:28:24-04:00;30,01;79,08;1005,92;34,74;100
2024-03-02T20:28:54-04:00;30,01;78,89;1005,94;34,55;100
2024-03-02T20:29:24-04:00;30,01;78,81;1005,95;34,5;100
2024-03-02T20:29:54-04:00;30,01;78,77;1005,97;34,5;100
2024-03-02T20:30:24-04:00;30,01;78,72;1005,98;34,39;100
2024-03-02T20:30:54-04:00;30;78,79;1005,99;34,47;100
2024-03-02T20:31:24-04:00;30;78,82;1006;34,39;100
2024-03-02T20:31:54-04:00;30;79;1006;34,5;100
2024-03-02T20:32:24-04:00;30;78,72;1006,01;34,39;100
2024-03-02T20:32:54-04:00;30;78,75;1006,02;34,45;100
2024-03-02T20:33:24-04:00;29,99;78,88;1006,03;34,55;100
2024-03-02T20:33:54-04:00;30;78,65;1006,04;34,45;100
2024-03-02T20:34:24-04:00;30;78,57;1006,04;34,5;100
2024-03-02T20:34:54-04:00;30,01;78,6;1006,06;34,45;100
2024-03-02T20:35:24-04:00;30,02;78,4;1006,07;34,61;100
2024-03-02T20:35:54-04:00;30,02;78,56;1006,09;34,47;100
2024-03-02T20:36:24-04:00;30,03;78,65;1006,1;34,39;100
2024-03-02T20:36:54-04:00;30,05;78,57;1006,11;34,31;100
2024-03-02T20:37:24-04:00;30,07;78,51;1006,12;34,08;100
2024-03-02T20:37:54-04:00;30,09;78,57;1006,12;34,18;100
2024-03-02T20:38:24-04:00;30,1;79;1006,14;33,97;100
2024-03-02T20:38:54-04:00;30,12;78,76;1006,14;34,21;100
2024-03-02T20:39:24-04:00;30,13;78,59;1006,15;34,15;100
2024-03-02T20:39:54-04:00;30,15;78,53;1006,16;34,05;100
2024-03-02T20:40:24-04:00;30,16;78;1006,16;34,34;100
2024-03-02T20:40:54-04:00;30,17;78,3;1006,16;34,15;100
2024-03-02T20:41:24-04:00;30,17;78,27;1006,16;34,23;100
2024-03-02T20:41:54-04:00;30,16;78,18;1006,16;34,21;100
2024-03-02T20:42:24-04:00;30,15;78,32;1006,17;34,26;100
2024-03-02T20:42:54-04:00;30,13;78,39;1006,18;34,21;100
2024-03-02T20:43:24-04:00;30,13;78,37;1006,18;34,13;100
2024-03-02T20:43:54-04:00;30,13;78,36;1006,18;34,23;100
2024-03-02T20:44:24-04:00;30,13;78,42;1006,18;34,31;100
2024-03-02T20:44:54-04:00;30,12;78,38;1006,19;34,31;100
2024-03-02T20:45:24-04:00;30,12;78,38;1006,19;34,34;100
2024-03-02T20:45:54-04:00;30,11;78,5;1006,19;34,29;100
2024-03-02T20:46:24-04:00;30,11;78,56;1006,2;34,18;100
2024-03-02T20:46:54-04:00;30,12;78,54;1006,21;34,15;100
2024-03-02T20:47:24-04:00;30,13;78,5;1006,21;34,21;100
2024-03-02T20:47:54-04:00;30,15;78,5;1006,22;34,13;100
2024-03-02T20:48:24-04:00;30,16;78,46;1006,23;33,92;100
2024-03-02T20:48:54-04:00;30,17;78;1006,24;34,02;100
2024-03-02T20:49:24-04:00;30,15;79;1006,25;33,94;100
2024-03-02T20:49:54-04:00;30,14;78,83;1006,27;34,08;100
2024-03-02T20:50:24-04:00;30,13;79;1006,28;34,02;100
2024-03-02T20:50:54-04:00;30,13;78,88;1006,29;34;100
2024-03-02T20:51:24-04:00;30,14;78,58;1006,29;34,02;100
2024-03-02T20:51:54-04:00;30,15;78,64;1006,29;34,08;100
2024-03-02T20:52:24-04:00;30,15;78,62;1006,3;34;100
2024-03-02T20:52:54-04:00;30,15;78,6;1006,31;34;100
2024-03-02T20:53:24-04:00;30,15;78,58;1006,32;34,1;100
2024-03-02T20:53:54-04:00;30,16;78,53;1006,32;34,05;100
2024-03-02T20:54:24-04:00;30,16;78,43;1006,33;34,08;100
2024-03-02T20:54:54-04:00;30,16;78,45;1006,34;34,08;100
2024-03-02T20:55:24-04:00;30,16;78,45;1006,36;34,1;100
2024-03-02T20:55:54-04:00;30,16;78;1006,37;34,15;100
2024-03-02T20:56:24-04:00;30,17;78;1006,38;33,84;100
2024-03-02T20:56:54-04:00;30,18;78;1006,39;33,97;100
2024-03-02T20:57:24-04:00;30,19;78,4;1006,4;33,84;100
2024-03-02T20:57:54-04:00;30,19;78,4;1006,41;33,87;100
2024-03-02T20:58:24-04:00;30,2;78,16;1006,43;33,92;100
2024-03-02T20:58:54-04:00;30,21;78,21;1006,45;33,81;100
2024-03-02T20:59:24-04:00;30,21;78,37;1006,45;33,74;100
2024-03-02T20:59:54-04:00;30,2;78,57;1006,46;33,87;100
2024-03-02T21:00:24-04:00;30,2;78,28;1006,47;33,81;100
2024-03-02T21:00:54-04:00;30,2;78,3;1006,48;33,89;100
2024-03-02T21:01:24-04:00;30,2;78,39;1006,49;33,76;100
2024-03-02T21:01:54-04:00;30,19;78,62;1006,5;33,76;100
2024-03-02T21:02:24-04:00;30,19;78,7;1006,52;33,81;100
2024-03-02T21:02:54-04:00;30,18;78,58;1006,53;33,76;100
2024-03-02T21:03:24-04:00;30,17;78,74;1006,53;33,81;100
2024-03-02T21:03:54-04:00;30,13;78,99;1006,54;33,92;100
2024-03-02T21:04:24-04:00;30,09;79,36;1006,54;33,84;100
2024-03-02T21:04:54-04:00;30,05;79,44;1006,54;33,87;100
2024-03-02T21:05:24-04:00;30,01;79,44;1006,54;33,84;100
2024-03-02T21:05:54-04:00;29,99;79,44;1006,54;33,81;100
2024-03-02T21:06:24-04:00;29,97;79,45;1006,52;33,97;100
2024-03-02T21:06:54-04:00;29,97;79,35;1006,52;33,94;100
2024-03-02T21:07:24-04:00;29,96;79,14;1006,52;34,02;100
2024-03-02T21:07:54-04:00;29,97;79,18;1006,51;34,13;100
2024-03-02T21:08:24-04:00;29,99;79,08;1006,52;33,94;100
2024-03-02T21:08:54-04:00;30;79,04;1006,52;34,02;100
2024-03-02T21:09:24-04:00;30,01;78,91;1006,53;33,97;100
2024-03-02T21:09:54-04:00;30,02;78,91;1006,53;34;100
2024-03-02T21:10:24-04:00;30,04;78,91;1006,54;34,05;100
2024-03-02T21:10:54-04:00;30,05;78,96;1006,55;34,02;100
2024-03-02T21:11:24-04:00;30,06;79;1006,56;33,92;100
2024-03-02T21:11:54-04:00;30,07;78,95;1006,58;33,89;100
2024-03-02T21:12:24-04:00;30,08;78,91;1006,6;34,02;100
2024-03-02T21:12:54-04:00;30,08;78,98;1006,61;33,97;100
2024-03-02T21:13:24-04:00;30,08;78,99;1006,62;33,89;100
2024-03-02T21:13:54-04:00;30,09;78,92;1006,64;33,87;100
2024-03-02T21:14:24-04:00;30,1;78,69;1006,64;33,89;100
2024-03-02T21:14:54-04:00;30,12;78,79;1006,65;33,76;100
2024-03-02T21:15:24-04:00;30,13;78,72;1006,67;33,63;100
2024-03-02T21:15:54-04:00;30,13;78,83;1006,68;33,66;100
2024-03-02T21:16:24-04:00;30,13;78,83;1006,69;33,79;100
2024-03-02T21:16:54-04:00;30,1;79,02;1006,7;33,81;100
2024-03-02T21:17:24-04:00;30,08;78,84;1006,71;33,84;100
2024-03-02T21:17:54-04:00;30,08;79;1006,71;33,71;100
2024-03-02T21:18:24-04:00;30,08;78,78;1006,71;33,74;100
2024-03-02T21:18:54-04:00;30,09;78,61;1006,71;33,58;100
2024-03-02T21:19:24-04:00;30,11;78,71;1006,72;33,81;100
2024-03-02T21:19:54-04:00;30,12;78,86;1006,73;33,66;100
2024-03-02T21:20:24-04:00;30,11;78,92;1006,74;33,76;100
2024-03-02T21:20:54-04:00;30,1;79;1006,76;33,61;100
2024-03-02T21:21:24-04:00;30,07;79,03;1006,78;33,61;100
2024-03-02T21:21:54-04:00;30,04;79,05;1006,79;33,71;100
2024-03-02T21:22:24-04:00;30,01;78,9;1006,81;33,81;100
2024-03-02T21:22:54-04:00;29,99;79,02;1006,82;33,71;100
2024-03-02T21:23:24-04:00;29,98;78,93;1006,84;33,81;100
2024-03-02T21:23:54-04:00;29,98;79;1006,84;33,71;100
2024-03-02T21:24:24-04:00;29,97;79,19;1006,85;33,61;100
2024-03-02T21:24:54-04:00;29,97;78,93;1006,86;33,84;100
2024-03-02T21:25:24-04:00;29,98;78,93;1006,87;33,81;100
2024-03-02T21:25:54-04:00;30,01;78,57;1006,87;33,58;100
2024-03-02T21:26:24-04:00;30,02;78,72;1006,89;33,58;100
2024-03-02T21:26:54-04:00;30,03;78,51;1006,9;33,66;100
2024-03-02T21:27:24-04:00;30,06;78,52;1006,9;33,41;100
2024-03-02T21:27:54-04:00;30,09;78,26;1006,9;33,46;100
2024-03-02T21:28:24-04:00;30,12;78,1;1006,9;33,41;100
2024-03-02T21:28:54-04:00;30,14;78,09;1006,9;33,28;100
2024-03-02T21:29:24-04:00;30,17;78,01;1006,91;33,38;100
2024-03-02T21:29:54-04:00;30,2;77,99;1006,91;33,26;100
2024-03-02T21:30:24-04:00;30,22;77,93;1006,91;33,33;100
2024-03-02T21:30:54-04:00;30,24;77,83;1006,91;33,23;100
2024-03-02T21:31:24-04:00;30,25;78,12;1006,92;33,18;100
2024-03-02T21:31:54-04:00;30,27;77,6;1006,93;33,23;100
2024-03-02T21:32:24-04:00;30,28;77,72;1006,92;33,28;100
2024-03-02T21:32:54-04:00;30,29;78,1;1006,92;33,23;100
2024-03-02T21:33:24-04:00;30,29;78;1006,92;33,21;100
2024-03-02T21:33:54-04:00;30,29;77,81;1006,92;33,16;100
2024-03-02T21:34:24-04:00;30,29;77,97;1006,92;33,18;100
2024-03-02T21:34:54-04:00;30,28;78,06;1006,93;33,26;100
2024-03-02T21:35:24-04:00;30,27;78,18;1006,94;33,16;100
2024-03-02T21:35:54-04:00;30,26;77,87;1006,95;33,13;100
2024-03-02T21:36:24-04:00;30,26;77,97;1006,96;33,11;100
2024-03-02T21:36:54-04:00;30,27;78,04;1006,97;33,18;100
2024-03-02T21:37:24-04:00;30,28;77,83;1006,97;33,03;100
2024-03-02T21:37:54-04:00;30,29;78,17;1006,97;33,06;100
2024-03-02T21:38:24-04:00;30,29;78;1006,98;33,06;100
2024-03-02T21:38:54-04:00;30,3;78,01;1006,99;33,11;100
2024-03-02T21:39:24-04:00;30,31;78,23;1007;32,98;100
2024-03-02T21:39:54-04:00;30,3;78,24;1007;33,08;100
2024-03-02T21:40:24-04:00;30,27;77,96;1007,01;33,06;100
2024-03-02T21:40:54-04:00;30,25;78,3;1007,03;33,11;100
2024-03-02T21:41:24-04:00;30,23;78,4;1007,05;33,08;100
2024-03-02T21:41:54-04:00;30,22;78,39;1007,06;32,98;100
2024-03-02T21:42:24-04:00;30,2;78,57;1007,07;33,18;100
2024-03-02T21:42:54-04:00;30,18;78,74;1007,07;33,16;100
2024-03-02T21:43:24-04:00;30,17;78,67;1007,08;33,16;100
2024-03-02T21:43:54-04:00;30,15;78,79;1007,11;33,18;100
2024-03-02T21:44:24-04:00;30,14;78,83;1007,12;33,13;100
2024-03-02T21:44:54-04:00;30,14;78,83;1007,13;33,23;100
2024-03-02T21:45:24-04:00;30,13;79;1007,14;33,21;100
2024-03-02T21:45:54-04:00;30,12;78,82;1007,15;33,18;100
2024-03-02T21:46:24-04:00;30,12;78,86;1007,15;33,23;100
2024-03-02T21:46:54-04:00;30,1;78,86;1007,16;33,13;100
2024-03-02T21:47:24-04:00;30,07;79,04;1007,16;33,23;100
2024-03-02T21:47:54-04:00;30,06;79,04;1007,16;33,13;100
2024-03-02T21:48:24-04:00;30,04;79,1;1007,17;33,21;100
2024-03-02T21:48:54-04:00;30,03;79,11;1007,16;33,28;100
2024-03-02T21:49:24-04:00;30,03;79,13;1007,17;33,26;100
2024-03-02T21:49:54-04:00;30,02;79,11;1007,17;33,33;100
2024-03-02T21:50:24-04:00;30,02;79,1;1007,17;33,16;100
2024-03-02T21:50:54-04:00;30,03;79,14;1007,17;33,23;100
2024-03-02T21:51:24-04:00;30,04;79,07;1007,17;33,31;100
2024-03-02T21:51:54-04:00;30,05;78,95;1007,17;33,21;100
2024-03-02T21:52:24-04:00;30,06;78,88;1007,18;33,21;100
2024-03-02T21:52:54-04:00;30,07;78,88;1007,17;33,21;100
2024-03-02T21:53:24-04:00;30,08;78,84;1007,18;33,18;100
2024-03-02T21:53:54-04:00;30,09;78,82;1007,18;33,08;100
2024-03-02T21:54:24-04:00;30,1;78,76;1007,19;33,18;100
2024-03-02T21:54:54-04:00;30,11;78,67;1007,19;33,11;100
2024-03-02T21:55:24-04:00;30,11;78,71;1007,19;33,03;100
2024-03-02T21:55:54-04:00;30,12;78,77;1007,19;33,03;100
2024-03-02T21:56:24-04:00;30,12;78,78;1007,19;32,98;100
2024-03-02T21:56:54-04:00;30,11;78,85;1007,19;33,06;100
2024-03-02T21:57:24-04:00;30,12;78,75;1007,19;33,08;100
2024-03-02T21:57:54-04:00;30,12;78,79;1007,2;33,13;100
2024-03-02T21:58:24-04:00;30,12;78,76;1007,21;33,11;100
2024-03-02T21:58:54-04:00;30,13;78,88;1007,22;33,01;100
2024-03-02T21:59:24-04:00;30,15;78,81;1007,22;33,13;100
2024-03-02T21:59:54-04:00;30,19;78,62;1007,22;33,16;100
2024-03-02T22:00:24-04:00;30,25;78,29;1007,21;32,96;100
2024-03-02T22:00:54-04:00;30,33;78,07;1007,2;32,79;100
2024-03-02T22:01:24-04:00;30,42;77,58;1007,21;32,72;100
2024-03-02T22:01:54-04:00;30,49;77,21;1007,2;32,74;100
2024-03-02T22:02:24-04:00;30,54;76,93;1007,2;32,69;100
2024-03-02T22:02:54-04:00;30,58;76,9;1007,2;32,59;100
2024-03-02T22:03:24-04:00;30,62;76,6;1007,2;32,62;100
2024-03-02T22:03:54-04:00;30,68;76,6;1007,2;32,43;100
2024-03-02T22:04:24-04:00;30,74;76,36;1007,2;32,57;100
2024-03-02T22:04:54-04:00;30,79;76,02;1007,2;32,33;100
2024-03-02T22:05:24-04:00;30,82;75,94;1007,2;32,38;100
2024-03-02T22:05:54-04:00;30,85;76,03;1007,19;32,14;100
2024-03-02T22:06:24-04:00;30,87;75,83;1007,19;32,31;100
2024-03-02T22:06:54-04:00;30,91;75,71;1007,19;32,24;100
2024-03-02T22:07:24-04:00;30,96;75,65;1007,18;32,19;100
2024-03-02T22:07:54-04:00;31,01;75,38;1007,18;32;100
2024-03-02T22:08:24-04:00;31,06;75,14;1007,18;32,03;100
2024-03-02T22:08:54-04:00;31,11;75,08;1007,17;32,03;100
2024-03-02T22:09:24-04:00;31,15;74,96;1007,18;31,91;100
2024-03-02T22:09:54-04:00;31,17;75,03;1007,18;31,98;100
2024-03-02T22:10:24-04:00;31,18;75,07;1007,17;31,94;100
2024-03-02T22:10:54-04:00;31,16;75,24;1007,16;32;100
2024-03-02T22:11:24-04:00;31,16;75,34;1007,16;31,84;100
2024-03-02T22:11:54-04:00;31,17;75,37;1007,15;31,82;100
2024-03-02T22:12:24-04:00;31,19;75,31;1007,15;31,82;100
2024-03-02T22:12:54-04:00;31,1;75,92;1007,15;31,87;100
2024-03-02T22:13:24-04:00;30,93;77,19;1007,15;32,24;100
2024-03-02T22:13:54-04:00;30,78;77,76;1007,14;32,22;100
2024-03-02T22:14:24-04:00;30,67;77,95;1007,14;32,26;100
2024-03-02T22:14:54-04:00;30,62;77,88;1007,14;32,45;100
2024-03-02T22:15:24-04:00;30,62;77,65;1007,15;32,45;100
2024-03-02T22:15:54-04:00;30,66;77,34;1007,15;32,28;100
2024-03-02T22:16:24-04:00;30,69;77;1007,15;32,26;100
2024-03-02T22:16:54-04:00;30,73;77;1007,15;32,19;100
2024-03-02T22:17:24-04:00;30,76;77,01;1007,15;32,26;100
2024-03-02T22:17:54-04:00;30,77;77,08;1007,15;32,14;100
2024-03-02T22:18:24-04:00;30,78;76,98;1007,15;32,31;100
2024-03-02T22:18:54-04:00;30,8;76,93;1007,15;32,17;100
2024-03-02T22:19:24-04:00;30,8;76,99;1007,15;32,1;100
2024-03-02T22:19:54-04:00;30,81;77,03;1007,15;32,14;100
2024-03-02T22:20:24-04:00;30,83;76,91;1007,14;32,1;100
2024-03-02T22:20:54-04:00;30,88;76,64;1007,14;32;100
2024-03-02T22:21:24-04:00;30,93;76,31;1007,14;31,98;100
2024-03-02T22:21:54-04:00;30,96;76,24;1007,14;31,98;100
2024-03-02T22:22:24-04:00;30,98;75,84;1007,14;32;100
2024-03-02T22:22:54-04:00;31;76,09;1007,14;31,91;100
2024-03-02T22:23:24-04:00;31,03;76,03;1007,14;31,94;100
2024-03-02T22:23:54-04:00;31,08;75,85;1007,15;31,84;100
2024-03-02T22:24:24-04:00;31,11;75,72;1007,15;31,73;100
2024-03-02T22:24:54-04:00;31,1;75,96;1007,14;31,8;100
2024-03-02T22:25:24-04:00;31,07;76,2;1007,14;31,82;100
2024-03-02T22:25:54-04:00;31;76,6;1007,14;31,94;100
2024-03-02T22:26:24-04:00;30,94;76,84;1007,14;32,08;100
2024-03-02T22:26:54-04:00;30,87;77,04;1007,15;32,05;100
2024-03-02T22:27:24-04:00;30,81;77,27;1007,15;32,24;100
2024-03-02T22:27:54-04:00;30,73;77,46;1007,15;32,14;100
2024-03-02T22:28:24-04:00;30,63;77,83;1007,15;32,28;100
2024-03-02T22:28:54-04:00;30,54;78,19;1007,14;32,45;100
2024-03-02T22:29:24-04:00;30,46;78,46;1007,15;32,38;100
2024-03-02T22:29:54-04:00;30,4;78,6;1007,15;32,55;100
2024-03-02T22:30:24-04:00;30,33;78,76;1007,16;32,62;100
2024-03-02T22:30:54-04:00;30,29;78,83;1007,16;32,67;100
2024-03-02T22:31:24-04:00;30,26;78,78;1007,18;32,59;100
2024-03-02T22:31:54-04:00;30,25;78,71;1007,18;32,67;100
2024-03-02T22:32:24-04:00;30,24;78,72;1007,18;32,72;100
2024-03-02T22:32:54-04:00;30,25;78,6;1007,18;32,69;100
2024-03-02T22:33:24-04:00;30,26;78,61;1007,19;32,52;100
2024-03-02T22:33:54-04:00;30,26;78,7;1007,18;32,57;100
2024-03-02T22:34:24-04:00;30,25;79;1007,19;32,55;100
2024-03-02T22:34:54-04:00;30,26;78,39;1007,18;32,74;100
2024-03-02T22:35:24-04:00;30,23;78,52;1007,19;32,74;100
2024-03-02T22:35:54-04:00;30,16;78,81;1007,19;32,79;100
2024-03-02T22:36:24-04:00;30,06;79,31;1007,2;33,11;100
2024-03-02T22:36:54-04:00;29,97;79,6;1007,21;32,91;100
2024-03-02T22:37:24-04:00;29,9;79,8;1007,22;33,16;100
2024-03-02T22:37:54-04:00;29,82;79,89;1007,23;33,13;100
2024-03-02T22:38:24-04:00;29,76;80,01;1007,24;33,26;100
2024-03-02T22:38:54-04:00;29,71;80,01;1007,25;33,38;100
2024-03-02T22:39:24-04:00;29,65;80,13;1007,26;33,36;100
2024-03-02T22:39:54-04:00;29,59;80;1007,27;33,51;100
2024-03-02T22:40:24-04:00;29,53;81;1007,28;33,63;100
2024-03-02T22:40:54-04:00;29,46;80,7;1007,28;33,71;100
2024-03-02T22:41:24-04:00;29,43;81;1007,29;33,84;100
2024-03-02T22:41:54-04:00;29,42;80,48;1007,3;33,84;100
2024-03-02T22:42:24-04:00;29,41;80,49;1007,31;33,92;100
2024-03-02T22:42:54-04:00;29,38;81;1007,31;33,76;100
2024-03-02T22:43:24-04:00;29,37;81;1007,31;33,81;100
2024-03-02T22:43:54-04:00;29,36;80,7;1007,31;33,66;100
2024-03-02T22:44:24-04:00;29,36;80,68;1007,32;33,74;100
2024-03-02T22:44:54-04:00;29,35;81;1007,31;33,56;100
2024-03-02T22:45:24-04:00;29,35;80,68;1007,32;33,51;100
2024-03-02T22:45:54-04:00;29,35;80,77;1007,32;33,76;100
2024-03-02T22:46:24-04:00;29,36;80,63;1007,32;33,61;100
2024-03-02T22:46:54-04:00;29,4;80,45;1007,33;33,53;100
2024-03-02T22:47:24-04:00;29,46;80,08;1007,32;33,58;100
2024-03-02T22:47:54-04:00;29,56;79,7;1007,31;33,58;100
2024-03-02T22:48:24-04:00;29,64;79,27;1007,32;33,23;100
2024-03-02T22:48:54-04:00;29,72;79,08;1007,32;33,21;100
2024-03-02T22:49:24-04:00;29,77;78,96;1007,32;33,06;100
2024-03-02T22:49:54-04:00;29,8;78,95;1007,32;33,21;100
2024-03-02T22:50:24-04:00;29,84;78,78;1007,33;33,11;100
2024-03-02T22:50:54-04:00;29,85;78,75;1007,33;33,11;100
2024-03-02T22:51:24-04:00;29,85;78,74;1007,33;33,08;100
2024-03-02T22:51:54-04:00;29,85;79;1007,33;33,01;100
2024-03-02T22:52:24-04:00;29,85;78,78;1007,34;33,11;100
2024-03-02T22:52:54-04:00;29,86;78,69;1007,35;32,98;100
2024-03-02T22:53:24-04:00;29,86;78,65;1007,35;33,08;100
2024-03-02T22:53:54-04:00;29,88;78,37;1007,35;33,06;100
2024-03-02T22:54:24-04:00;29,91;78,25;1007,36;33,01;100
2024-03-02T22:54:54-04:00;29,93;78,08;1007,37;32,98;100
2024-03-02T22:55:24-04:00;29,94;78,1;1007,38;32,93;100
2024-03-02T22:55:54-04:00;29,93;78,16;1007,39;32,93;100
2024-03-02T22:56:24-04:00;29,91;78,32;1007,4;32,93;100
2024-03-02T22:56:54-04:00;29,86;78,57;1007,41;32,88;100
2024-03-02T22:57:24-04:00;29,83;78,72;1007,41;32,88;100
2024-03-02T22:57:54-04:00;29,82;78,71;1007,41;33,06;100
2024-03-02T22:58:24-04:00;29,81;78,74;1007,42;33,08;100
2024-03-02T22:58:54-04:00;29,82;79;1007,41;32,98;100
2024-03-02T22:59:24-04:00;29,85;78;1007,41;32,98;100
2024-03-02T22:59:54-04:00;29,9;78,25;1007,4;32,86;100
2024-03-02T23:00:24-04:00;29,93;78,18;1007,4;32,76;100
2024-03-02T23:00:54-04:00;29,92;78,27;1007,41;32,86;100
2024-03-02T23:01:24-04:00;29,88;78,63;1007,41;32,72;100
2024-03-02T23:01:54-04:00;29,82;79;1007,4;32,96;100
2024-03-02T23:02:24-04:00;29,76;79,19;1007,4;32,91;100
2024-03-02T23:02:54-04:00;29,71;79,28;1007,39;32,96;100
2024-03-02T23:03:24-04:00;29,64;79,51;1007,38;32,91;100
2024-03-02T23:03:54-04:00;29,58;80;1007,37;33,21;100
2024-03-02T23:04:24-04:00;29,54;79,68;1007,36;33,13;100
2024-03-02T23:04:54-04:00;29,52;79,67;1007,36;33,31;100
2024-03-02T23:05:24-04:00;29,52;79,49;1007,35;33,26;100
2024-03-02T23:05:54-04:00;29,56;79,25;1007,35;33,11;100
2024-03-02T23:06:24-04:00;29,61;79,01;1007,34;32,91;100
2024-03-02T23:06:54-04:00;29,66;78,85;1007,35;32,91;100
2024-03-02T23:07:24-04:00;29,71;78,67;1007,34;32,76;100
2024-03-02T23:07:54-04:00;29,77;78,43;1007,33;32,86;100
2024-03-02T23:08:24-04:00;29,85;78,11;1007,32;32,79;100
2024-03-02T23:08:54-04:00;29,93;77,85;1007,32;32,59;100
2024-03-02T23:09:24-04:00;30,01;77,57;1007,31;32,52;100
2024-03-02T23:09:54-04:00;30,09;77,35;1007,31;32,45;100
2024-03-02T23:10:24-04:00;30,11;77,33;1007,31;32,52;100
2024-03-02T23:10:54-04:00;30,11;77;1007,31;32,5;100
2024-03-02T23:11:24-04:00;30,09;78;1007,3;32,47;100
2024-03-02T23:11:54-04:00;30,07;77,85;1007,3;32,5;100
2024-03-02T23:12:24-04:00;30,05;77,91;1007,31;32,45;100
2024-03-02T23:12:54-04:00;30,06;77,78;1007,3;32,38;100
2024-03-02T23:13:24-04:00;30,08;77,67;1007,29;32,4;100
2024-03-02T23:13:54-04:00;30,08;77,66;1007,29;32,43;100
2024-03-02T23:14:24-04:00;30,1;77,57;1007,28;32,31;100
2024-03-02T23:14:54-04:00;30,13;77,47;1007,27;32,33;100
2024-03-02T23:15:24-04:00;30,16;77,28;1007,27;32,31;100
2024-03-02T23:15:54-04:00;30,19;77,19;1007,25;32,17;100
2024-03-02T23:16:24-04:00;30,2;77,29;1007,25;32,38;100
2024-03-02T23:16:54-04:00;30,21;77,21;1007,24;32,31;100
2024-03-02T23:17:24-04:00;30,21;77,3;1007,23;32,22;100
2024-03-02T23:17:54-04:00;30,22;77,2;1007,23;32,17;100
2024-03-02T23:18:24-04:00;30,23;77,22;1007,23;32,22;100
2024-03-02T23:18:54-04:00;30,26;77,03;1007,22;32,17;100
2024-03-02T23:19:24-04:00;30,29;76,76;1007,2;32,19;100
2024-03-02T23:19:54-04:00;30,3;76,89;1007,19;32,05;100
2024-03-02T23:20:24-04:00;30,3;77,01;1007,2;32;100
2024-03-02T23:20:54-04:00;30,29;77,12;1007,21;32,05;100
2024-03-02T23:21:24-04:00;30,3;77,03;1007,22;32,03;100
2024-03-02T23:21:54-04:00;30,32;76,9;1007,21;31,94;100
2024-03-02T23:22:24-04:00;30,34;76,87;1007,2;31,96;100
2024-03-02T23:22:54-04:00;30,33;76,91;1007,22;31,94;100
2024-03-02T23:23:24-04:00;30,29;77,3;1007,22;31,98;100
2024-03-02T23:23:54-04:00;30,25;77,4;1007,23;32,08;100
2024-03-02T23:24:24-04:00;30,2;78;1007,22;32,12;100
2024-03-02T23:24:54-04:00;30,16;77,66;1007,22;32,12;100
2024-03-02T23:25:24-04:00;30,11;77,81;1007,23;32,22;100
2024-03-02T23:25:54-04:00;30,06;77,93;1007,23;32,26;100
2024-03-02T23:26:24-04:00;30,01;78,05;1007,22;32,33;100
2024-03-02T23:26:54-04:00;29,98;78,06;1007,22;32,26;100
2024-03-02T23:27:24-04:00;29,96;78,09;1007,22;32,36;100
2024-03-02T23:27:54-04:00;29,96;78,05;1007,22;32,24;100
2024-03-02T23:28:24-04:00;29,94;77,97;1007,21;32,38;100
2024-03-02T23:28:54-04:00;29,93;77,95;1007,21;32,36;100
2024-03-02T23:29:24-04:00;29,89;78,15;1007,2;32,4;100
2024-03-02T23:29:54-04:00;29,84;78,36;1007,19;32,55;100
2024-03-02T23:30:24-04:00;29,8;78,59;1007,18;32,47;100
2024-03-02T23:30:54-04:00;29,76;79;1007,17;32,55;100
2024-03-02T23:31:24-04:00;29,74;79;1007,17;32,47;100
2024-03-02T23:31:54-04:00;29,72;78,76;1007,17;32,55;100
2024-03-02T23:32:24-04:00;29,7;78,86;1007,16;32,52;100
2024-03-02T23:32:54-04:00;29,7;79;1007,15;32,45;100
2024-03-02T23:33:24-04:00;29,74;78,59;1007,14;32,38;100
2024-03-02T23:33:54-04:00;29,78;78,32;1007,14;32,4;100
2024-03-02T23:34:24-04:00;29,84;78,07;1007,14;32,38;100
2024-03-02T23:34:54-04:00;29,89;77,95;1007,13;32,22;100
2024-03-02T23:35:24-04:00;29,95;77,83;1007,13;32,22;100
2024-03-02T23:35:54-04:00;30,01;77,64;1007,12;32,1;100
2024-03-02T23:36:24-04:00;30,08;77,29;1007,1;32;100
2024-03-02T23:36:54-04:00;30,12;77,27;1007,09;32,08;100
2024-03-02T23:37:24-04:00;30,14;77,43;1007,1;32;100
2024-03-02T23:37:54-04:00;30,14;77,56;1007,1;31,98;100
2024-03-02T23:38:24-04:00;30,15;77,58;1007,11;32;100
2024-03-02T23:38:54-04:00;30,17;77,43;1007,1;32,08;100
2024-03-02T23:39:24-04:00;30,16;77,45;1007,09;32,03;100
2024-03-02T23:39:54-04:00;30,17;77,4;1007,08;32,08;100
2024-03-02T23:40:24-04:00;30,21;77,1;1007,08;31,84;100
2024-03-02T23:40:54-04:00;30,25;76,88;1007,07;31,96;100
2024-03-02T23:41:24-04:00;30,27;76,85;1007,06;31,8;100
2024-03-02T23:41:54-04:00;30,32;76,72;1007,05;31,84;100
2024-03-02T23:42:24-04:00;30,34;76,53;1007,05;31,8;100
2024-03-02T23:42:54-04:00;30,36;76,56;1007,04;31,78;100
2024-03-02T23:43:24-04:00;30,36;76,61;1007,03;31,82;100
2024-03-02T23:43:54-04:00;30,35;76,72;1007,03;31,8;100
2024-03-02T23:44:24-04:00;30,32;76,8;1007,02;31,8;100
2024-03-02T23:44:54-04:00;30,25;77,19;1007,04;31,75;100
2024-03-02T23:45:24-04:00;30,16;77,63;1007,04;32,12;100
2024-03-02T23:45:54-04:00;30,05;78,04;1007,04;32,12;100
2024-03-02T23:46:24-04:00;29,98;78,2;1007,03;32,28;100
2024-03-02T23:46:54-04:00;29,93;78,22;1007,02;32,12;100
2024-03-02T23:47:24-04:00;29,89;78,32;1007,02;32,22;100
2024-03-02T23:47:54-04:00;29,83;78,5;1007,02;32,24;100
2024-03-02T23:48:24-04:00;29,78;78,72;1007,01;32,45;100
2024-03-02T23:48:54-04:00;29,72;78,82;1007;32,36;100
2024-03-02T23:49:24-04:00;29,68;78,93;1007;32,43;100
2024-03-02T23:49:54-04:00;29,63;78,95;1006,99;32,62;100
2024-03-02T23:50:24-04:00;29,59;79,05;1006,99;32,55;100
2024-03-02T23:50:54-04:00;29,56;79,11;1006,99;32,55;100
2024-03-02T23:51:24-04:00;29,54;78,99;1006,98;32,64;100
2024-03-02T23:51:54-04:00;29,53;78,99;1006,97;32,64;100
2024-03-02T23:52:24-04:00;29,54;78,88;1006,96;32,67;100
2024-03-02T23:52:54-04:00;29,56;78,78;1006,95;32,52;100
2024-03-02T23:53:24-04:00;29,57;78,65;1006,94;32,45;100
2024-03-02T23:53:54-04:00;29,56;78,61;1006,94;32,5;100
2024-03-02T23:54:24-04:00;29,53;78,84;1006,94;32,59;100
2024-03-02T23:54:54-04:00;29,49;79,07;1006,93;32,59;100
2024-03-02T23:55:24-04:00;29,42;79,3;1006,93;32,57;100
2024-03-02T23:55:54-04:00;29,35;79,63;1006,92;33,13;100
2024-03-02T23:56:24-04:00;29,3;79,68;1006,92;32,93;100
2024-03-02T23:56:54-04:00;29,27;79,71;1006,92;33,01;100
2024-03-02T23:57:24-04:00;29,23;79,88;1006,91;32,98;100
2024-03-02T23:57:54-04:00;29,2;79,97;1006,91;33,01;100
2024-03-02T23:58:24-04:00;29,19;79,95;1006,9;33,18;100
2024-03-02T23:58:54-04:00;29,19;79,83;1006,9;33,08;100
2024-03-02T23:59:24-04:00;29,2;79,75;1006,91;33,31;100
2024-03-02T23:59:54-04:00;29,2;79,74;1006,91;33,03;100
2024-03-03T00:00:24-04:00;29,2;79,75;1006,91;33,01;100
2024-03-03T00:00:54-04:00;29,2;80;1006,92;33,08;100
2024-03-03T00:01:24-04:00;29,2;79,76;1006,92;32,98;100
2024-03-03T00:01:54-04:00;29,21;79,72;1006,92;32,86;100
2024-03-03T00:02:24-04:00;29,23;79,59;1006,93;32,86;100
2024-03-03T00:02:54-04:00;29,24;79,53;1006,92;32,88;100
2024-03-03T00:03:24-04:00;29,27;79,31;1006,93;32,91;100
2024-03-03T00:03:54-04:00;29,3;79,27;1006,93;32,84;100
2024-03-03T00:04:24-04:00;29,32;79,25;1006,94;32,76;100
2024-03-03T00:04:54-04:00;29,33;79,25;1006,94;32,91;100
2024-03-03T00:05:24-04:00;29,35;79,18;1006,93;32,84;100
2024-03-03T00:05:54-04:00;29,38;79,02;1006,93;32,69;100
2024-03-03T00:06:24-04:00;29,44;78,82;1006,92;32,72;100
2024-03-03T00:06:54-04:00;29,5;78,62;1006,91;32,5;100
2024-03-03T00:07:24-04:00;29,56;78;1006,91;32,47;100
2024-03-03T00:07:54-04:00;29,63;78,01;1006,91;32,31;100
2024-03-03T00:08:24-04:00;29,66;78;1006,9;32,28;100
2024-03-03T00:08:54-04:00;29,69;77,97;1006,9;32,28;100
2024-03-03T00:09:24-04:00;29,72;77,9;1006,89;32,31;100
2024-03-03T00:09:54-04:00;29,74;77,83;1006,88;32,19;100
2024-03-03T00:10:24-04:00;29,74;77,81;1006,88;32,36;100
2024-03-03T00:10:54-04:00;29,75;77,83;1006,89;32,22;100
2024-03-03T00:11:24-04:00;29,74;77,86;1006,88;32,24;100
2024-03-03T00:11:54-04:00;29,74;77,79;1006,87;32,14;100
2024-03-03T00:12:24-04:00;29,75;77,71;1006,87;32,24;100
2024-03-03T00:12:54-04:00;29,77;77,53;1006,87;32,03;100
2024-03-03T00:13:24-04:00;29,76;77,53;1006,87;32,19;100
2024-03-03T00:13:54-04:00;29,75;77,65;1006,88;32,12;100
2024-03-03T00:14:24-04:00;29,73;77,67;1006,88;32,12;100
2024-03-03T00:14:54-04:00;29,7;77,76;1006,88;32,17;100
2024-03-03T00:15:24-04:00;29,68;77,85;1006,87;32,1;100
2024-03-03T00:15:54-04:00;29,65;78,01;1006,86;32,08;100
2024-03-03T00:16:24-04:00;29,61;78,13;1006,86;32,24;100
2024-03-03T00:16:54-04:00;29,58;78,04;1006,85;32,26;100
2024-03-03T00:17:24-04:00;29,58;77,84;1006,85;32,14;100
2024-03-03T00:17:54-04:00;29,6;77,63;1006,83;32,22;100
2024-03-03T00:18:24-04:00;29,61;77,67;1006,84;32,12;100
2024-03-03T00:18:54-04:00;29,64;77,63;1006,83;32,08;100
2024-03-03T00:19:24-04:00;29,66;77,43;1006,82;32;100
2024-03-03T00:19:54-04:00;29,68;77,34;1006,81;31,91;100
2024-03-03T00:20:24-04:00;29,7;77,12;1006,8;31,96;100
2024-03-03T00:20:54-04:00;29,72;77,04;1006,79;32,12;100
2024-03-03T00:21:24-04:00;29,76;76,93;1006,78;31,98;100
2024-03-03T00:21:54-04:00;29,81;76,7;1006,78;31,87;100
2024-03-03T00:22:24-04:00;29,87;76,42;1006,76;31,84;100
2024-03-03T00:22:54-04:00;29,92;76,29;1006,74;31,73;100
2024-03-03T00:23:24-04:00;29,96;76,18;1006,74;31,66;100
2024-03-03T00:23:54-04:00;30,02;76;1006,74;31,57;100
2024-03-03T00:24:24-04:00;30,07;75,66;1006,73;31,57;100
2024-03-03T00:24:54-04:00;30,11;75,62;1006,71;31,37;100
2024-03-03T00:25:24-04:00;30,15;75,54;1006,7;31,39;100
2024-03-03T00:25:54-04:00;30,18;75,36;1006,7;31,44;100
2024-03-03T00:26:24-04:00;30,16;75,45;1006,69;31,37;100
2024-03-03T00:26:54-04:00;30,15;75,54;1006,69;31,33;100
2024-03-03T00:27:24-04:00;30,12;75,71;1006,68;31,46;100
2024-03-03T00:27:54-04:00;30,08;75,75;1006,68;31,62;100
2024-03-03T00:28:24-04:00;30,05;75,65;1006,67;31,62;100
2024-03-03T00:28:54-04:00;30,01;75,65;1006,67;31,48;100
2024-03-03T00:29:24-04:00;29,99;75,63;1006,65;31,66;100
2024-03-03T00:29:54-04:00;29,99;75,46;1006,63;31,59;100
2024-03-03T00:30:24-04:00;29,99;75,4;1006,62;31,64;100
2024-03-03T00:30:54-04:00;29,98;75,47;1006,62;31,55;100
2024-03-03T00:31:24-04:00;29,99;75,45;1006,61;31,55;100
2024-03-03T00:31:54-04:00;30;75,42;1006,6;31,55;100
2024-03-03T00:32:24-04:00;30,01;75,37;1006,6;31,48;100
2024-03-03T00:32:54-04:00;29,98;75,63;1006,6;31,48;100
2024-03-03T00:33:24-04:00;29,95;75,78;1006,62;31,53;100
2024-03-03T00:33:54-04:00;29,92;75,81;1006,61;31,68;100
2024-03-03T00:34:24-04:00;29,91;75,65;1006,61;31,59;100
2024-03-03T00:34:54-04:00;29,91;75,51;1006,61;31,62;0
2024-03-03T00:35:24-04:00;29,9;75,49;1006,62;31,55;0
2024-03-03T00:35:54-04:00;29,86;75,72;1006,62;31,57;0
2024-03-03T00:36:24-04:00;29,84;75,76;1006,62;31,62;0
2024-03-03T00:36:54-04:00;29,82;75,7;1006,62;31,78;0
2024-03-03T00:37:24-04:00;29,8;75,87;1006,61;31,66;0
2024-03-03T00:37:54-04:00;29,79;75,83;1006,61;31,53;0
2024-03-03T00:38:24-04:00;29,78;75,75;1006,59;31,64;0
2024-03-03T00:38:54-04:00;29,78;75,83;1006,58;31,55;0
2024-03-03T00:39:24-04:00;29,78;75,72;1006,57;31,66;0
2024-03-03T00:39:54-04:00;29,78;75,69;1006,57;31,62;0
2024-03-03T00:40:24-04:00;29,79;75,75;1006,57;31,78;0
2024-03-03T00:40:54-04:00;29,82;75,58;1006,54;31,53;0
2024-03-03T00:41:24-04:00;29,86;75,3;1006,54;31,33;0
2024-03-03T00:41:54-04:00;29,9;75,14;1006,53;31,48;0
2024-03-03T00:42:24-04:00;29,97;74,93;1006,52;31,33;0
2024-03-03T00:42:54-04:00;30,05;74,51;1006,52;31,19;0
2024-03-03T00:43:24-04:00;30,1;74,46;1006,51;31,08;0
2024-03-03T00:43:54-04:00;30,1;74,53;1006,5;31,17;0
2024-03-03T00:44:24-04:00;30,11;74,55;1006,49;31,04;0
2024-03-03T00:44:54-04:00;30,1;74,69;1006,48;31,19;0
2024-03-03T00:45:24-04:00;30,08;74,79;1006,47;31,17;0
2024-03-03T00:45:54-04:00;30,06;74,87;1006,47;31,19;0
2024-03-03T00:46:24-04:00;30,04;74,92;1006,46;31,39;0
2024-03-03T00:46:54-04:00;30,01;74,93;1006,45;31,24;0
2024-03-03T00:47:24-04:00;30,01;74,87;1006,43;31,26;0
2024-03-03T00:47:54-04:00;29,99;75;1006,42;31,24;0
2024-03-03T00:48:24-04:00;29,96;75,18;1006,4;31,22;0
2024-03-03T00:48:54-04:00;29,95;74,86;1006,39;31,26;0
2024-03-03T00:49:24-04:00;29,93;75,06;1006,39;31,22;0
2024-03-03T00:49:54-04:00;29,92;75,16;1006,38;31,1;0
2024-03-03T00:50:24-04:00;29,93;75,07;1006,38;31,17;0
2024-03-03T00:50:54-04:00;29,93;75,15;1006,37;31,22;0
2024-03-03T00:51:24-04:00;29,89;75,3;1006,36;31,28;0
2024-03-03T00:51:54-04:00;29,84;75,58;1006,36;31,06;0
2024-03-03T00:52:24-04:00;29,81;75,75;1006,36;31,28;0
2024-03-03T00:52:54-04:00;29,78;75,74;1006,36;31,28;0
2024-03-03T00:53:24-04:00;29,77;75,7;1006,36;31,41;0
2024-03-03T00:53:54-04:00;29,77;75,59;1006,35;31,13;0
2024-03-03T00:54:24-04:00;29,75;75,66;1006,33;31,24;0
2024-03-03T00:54:54-04:00;29,75;75,64;1006,32;31,28;0
2024-03-03T00:55:24-04:00;29,71;75,72;1006,32;31,33;0
2024-03-03T00:55:54-04:00;29,68;75,78;1006,31;31,3;0
2024-03-03T00:56:24-04:00;29,64;75,99;1006,32;31,39;0
2024-03-03T00:56:54-04:00;29,59;76,21;1006,31;31,39;0
2024-03-03T00:57:24-04:00;29,56;76,29;1006,3;31,53;0
2024-03-03T00:57:54-04:00;29,54;76,28;1006,31;31,5;0
2024-03-03T00:58:24-04:00;29,54;76;1006,3;31,44;0
2024-03-03T00:58:54-04:00;29,56;76,18;1006,29;31,41;0
2024-03-03T00:59:24-04:00;29,59;76,08;1006,29;31,35;0
2024-03-03T00:59:54-04:00;29,62;75,95;1006,27;31,3;0
2024-03-03T01:00:24-04:00;29,66;75,68;1006,26;31,26;0
2024-03-03T01:00:54-04:00;29,69;75,67;1006,25;31,13;0
2024-03-03T01:01:24-04:00;29,71;75,7;1006,24;31,26;0
2024-03-03T01:01:54-04:00;29,71;75,88;1006,22;31,15;0
2024-03-03T01:02:24-04:00;29,7;76,04;1006,22;31,39;0
2024-03-03T01:02:54-04:00;29,64;76,31;1006,22;31,35;0
2024-03-03T01:03:24-04:00;29,57;76,8;1006,21;31,28;0
2024-03-03T01:03:54-04:00;29,51;76,96;1006,21;31,35;0
2024-03-03T01:04:24-04:00;29,47;77,11;1006,21;31,62;0
2024-03-03T01:04:54-04:00;29,44;77,04;1006,2;31,5;0
2024-03-03T01:05:24-04:00;29,41;77,29;1006,2;31,46;0
2024-03-03T01:05:54-04:00;29,38;77,31;1006,19;31,53;0
2024-03-03T01:06:24-04:00;29,34;77,51;1006,19;31,5;0
2024-03-03T01:06:54-04:00;29,33;77,53;1006,2;31,46;0
2024-03-03T01:07:24-04:00;29,3;77,79;1006,19;31,48;0
2024-03-03T01:07:54-04:00;29,27;77,91;1006,19;31,55;0
2024-03-03T01:08:24-04:00;29,26;77,89;1006,18;31,68;0
2024-03-03T01:08:54-04:00;29,26;77,98;1006,18;31,71;0
2024-03-03T01:09:24-04:00;29,28;77,86;1006,19;31,62;0
2024-03-03T01:09:54-04:00;29,3;77,63;1006,18;31,48;0
2024-03-03T01:10:24-04:00;29,33;77,63;1006,18;31,39;0
2024-03-03T01:10:54-04:00;29,35;77,71;1006,17;31,41;0
2024-03-03T01:11:24-04:00;29,35;77,7;1006,17;31,39;0
2024-03-03T01:11:54-04:00;29,34;77,86;1006,16;31,41;0
2024-03-03T01:12:24-04:00;29,33;77,97;1006,15;31,41;0
2024-03-03T01:12:54-04:00;29,34;77,91;1006,14;31,37;0
2024-03-03T01:13:24-04:00;29,34;77,91;1006,12;31,37;0
2024-03-03T01:13:54-04:00;29,35;77,85;1006,1;31,53;0
2024-03-03T01:14:24-04:00;29,39;78;1006,09;31,33;0
2024-03-03T01:14:54-04:00;29,42;77,36;1006,08;31,26;0
2024-03-03T01:15:24-04:00;29,46;77,31;1006,06;31,3;0
2024-03-03T01:15:54-04:00;29,49;77,35;1006,03;31,19;0
2024-03-03T01:16:24-04:00;29,53;77,15;1006,02;31,1;0
2024-03-03T01:16:54-04:00;29,56;76,96;1006,01;31,13;0
2024-03-03T01:17:24-04:00;29,58;76,91;1005,99;31,1;0
2024-03-03T01:17:54-04:00;29,57;76,92;1005,98;31,26;0
2024-03-03T01:18:24-04:00;29,55;76,98;1005,98;31,22;0
2024-03-03T01:18:54-04:00;29,5;77;1005,98;31,22;0
2024-03-03T01:19:24-04:00;29,45;77,29;1005,97;31,17;0
2024-03-03T01:19:54-04:00;29,4;77,64;1005,98;31,33;0
2024-03-03T01:20:24-04:00;29,36;78;1005,97;31,33;0
2024-03-03T01:20:54-04:00;29,32;77,56;1005,96;31,33;0
2024-03-03T01:21:24-04:00;29,28;77,82;1005,96;31,37;0
2024-03-03T01:21:54-04:00;29,26;77,9;1005,97;31,48;0
2024-03-03T01:22:24-04:00;29,26;77,6;1005,96;31,41;0
2024-03-03T01:22:54-04:00;29,27;77,57;1005,95;31,53;0
2024-03-03T01:23:24-04:00;29,28;77,47;1005,95;31,37;0
2024-03-03T01:23:54-04:00;29,29;77,51;1005,95;31,26;0
2024-03-03T01:24:24-04:00;29,27;77,7;1005,95;31,22;0
2024-03-03T01:24:54-04:00;29,24;77,8;1005,94;31,62;0
2024-03-03T01:25:24-04:00;29,21;77,93;1005,94;31,48;0
2024-03-03T01:25:54-04:00;29,17;78,08;1005,94;31,46;0
2024-03-03T01:26:24-04:00;29,16;78,18;1005,93;31,62;0
2024-03-03T01:26:54-04:00;29,14;78;1005,93;31,64;0
2024-03-03T01:27:24-04:00;29,13;78,05;1005,92;31,62;0
2024-03-03T01:27:54-04:00;29,14;77,96;1005,93;31,48;0
2024-03-03T01:28:24-04:00;29,17;77,78;1005,92;31,35;0
2024-03-03T01:28:54-04:00;29,19;77,79;1005,93;31,41;0
2024-03-03T01:29:24-04:00;29,23;77,68;1005,93;31,44;0
2024-03-03T01:29:54-04:00;29,29;77,34;1005,93;31,26;0
2024-03-03T01:30:24-04:00;29,36;77,12;1005,92;31,24;0
2024-03-03T01:30:54-04:00;29,44;76,79;1005,91;31,1;0
2024-03-03T01:31:24-04:00;29,52;76,41;1005,9;30,87;0
2024-03-03T01:31:54-04:00;29,59;76,03;1005,89;30,84;0
2024-03-03T01:32:24-04:00;29,67;75,66;1005,88;30,72;0
2024-03-03T01:32:54-04:00;29,72;75,71;1005,88;30,76;0
2024-03-03T01:33:24-04:00;29,74;75,85;1005,88;30,7;0
2024-03-03T01:33:54-04:00;29,74;75,86;1005,86;30,74;0
2024-03-03T01:34:24-04:00;29,73;76,06;1005,86;30,78;0
2024-03-03T01:34:54-04:00;29,68;76,26;1005,85;30,72;0
2024-03-03T01:35:24-04:00;29,64;76,43;1005,85;30,82;0
2024-03-03T01:35:54-04:00;29,62;76,6;1005,84;30,87;0
2024-03-03T01:36:24-04:00;29,6;76,7;1005,84;30,78;0
2024-03-03T01:36:54-04:00;29,58;76,63;1005,84;30,72;0
2024-03-03T01:37:24-04:00;29,56;76,66;1005,84;30,74;0
2024-03-03T01:37:54-04:00;29,53;76,94;1005,86;30,84;0
2024-03-03T01:38:24-04:00;29,51;76,93;1005,86;30,74;0
2024-03-03T01:38:54-04:00;29,49;76,9;1005,86;30,78;0
2024-03-03T01:39:24-04:00;29,47;76,9;1005,87;30,8;0
2024-03-03T01:39:54-04:00;29,45;76,94;1005,87;30,89;0
2024-03-03T01:40:24-04:00;29,45;76,83;1005,87;30,87;0
2024-03-03T01:40:54-04:00;29,43;76,8;1005,87;30,91;0
2024-03-03T01:41:24-04:00;29,41;76,87;1005,86;30,89;0
2024-03-03T01:41:54-04:00;29,41;76,79;1005,85;30,89;0
2024-03-03T01:42:24-04:00;29,43;76,73;1005,85;30,95;0
2024-03-03T01:42:54-04:00;29,45;76,48;1005,84;30,7;0
2024-03-03T01:43:24-04:00;29,5;76,28;1005,82;30,59;0
2024-03-03T01:43:54-04:00;29,55;76,13;1005,82;30,67;0
2024-03-03T01:44:24-04:00;29,6;75,95;1005,82;30,44;0
2024-03-03T01:44:54-04:00;29,65;75,85;1005,82;30,38;0
2024-03-03T01:45:24-04:00;29,69;75,87;1005,82;30,3;0
2024-03-03T01:45:54-04:00;29,72;75,77;1005,81;30,48;0
2024-03-03T01:46:24-04:00;29,71;75,92;1005,8;30,53;0
2024-03-03T01:46:54-04:00;29,71;75,97;1005,81;30,46;0
2024-03-03T01:47:24-04:00;29,69;76,08;1005,8;30,5;0
2024-03-03T01:47:54-04:00;29,68;76;1005,79;30,38;0
2024-03-03T01:48:24-04:00;29,67;75,97;1005,79;30,59;0
2024-03-03T01:48:54-04:00;29,64;76,01;1005,8;30,46;0
2024-03-03T01:49:24-04:00;29,63;76,02;1005,8;30,61;0
2024-03-03T01:49:54-04:00;29,59;76,12;1005,8;30,63;0
2024-03-03T01:50:24-04:00;29,54;76,33;1005,81;30,57;0
2024-03-03T01:50:54-04:00;29,46;76,6;1005,81;30,55;0
2024-03-03T01:51:24-04:00;29,38;76,93;1005,81;30,8;0
2024-03-03T01:51:54-04:00;29,29;77,26;1005,8;31,04;0
2024-03-03T01:52:24-04:00;29,21;77,45;1005,81;30,91;0
2024-03-03T01:52:54-04:00;29,16;77,59;1005,79;31,19;0
2024-03-03T01:53:24-04:00;29,1;77,79;1005,79;31,15;0
2024-03-03T01:53:54-04:00;29,06;77,83;1005,78;31,3;0
2024-03-03T01:54:24-04:00;29,04;77,89;1005,77;30,87;0
2024-03-03T01:54:54-04:00;29,04;77,86;1005,77;31,06;0
2024-03-03T01:55:24-04:00;29,04;77,85;1005,76;31,08;0
2024-03-03T01:55:54-04:00;29,03;77,83;1005,76;31,19;0
2024-03-03T01:56:24-04:00;29,01;77,98;1005,76;31,24;0
2024-03-03T01:56:54-04:00;29;78,09;1005,74;31,19;0
2024-03-03T01:57:24-04:00;29,01;78;1005,74;31,17;0
2024-03-03T01:57:54-04:00;29,01;78,04;1005,74;31,15;0
2024-03-03T01:58:24-04:00;29;78,15;1005,73;31,19;0
2024-03-03T01:58:54-04:00;28,98;78,23;1005,72;31,37;0
2024-03-03T01:59:24-04:00;28,95;78,42;1005,71;31,37;0
2024-03-03T01:59:54-04:00;28,95;78,38;1005,7;31,46;0
2024-03-03T02:00:24-04:00;28,96;78,32;1005,69;31,19;0
2024-03-03T02:00:54-04:00;28,97;78,06;1005,68;31,3;0
2024-03-03T02:01:24-04:00;28,99;78,08;1005,68;31,15;0
2024-03-03T02:01:54-04:00;28,99;78,08;1005,67;30,98;0
2024-03-03T02:02:24-04:00;29;78,14;1005,68;31,04;0
2024-03-03T02:02:54-04:00;29,01;78,05;1005,66;31,13;0
2024-03-03T02:03:24-04:00;29,04;77,9;1005,65;31,1;0
2024-03-03T02:03:54-04:00;29,05;77,94;1005,64;31,04;0
2024-03-03T02:04:24-04:00;29,04;78,11;1005,63;31,08;0
2024-03-03T02:04:54-04:00;29,03;78,07;1005,63;31,06;0
2024-03-03T02:05:24-04:00;29,01;78,1;1005,63;30,98;0
2024-03-03T02:05:54-04:00;28,97;78,16;1005,62;31,28;0
2024-03-03T02:06:24-04:00;28,94;78,16;1005,61;31,44;0
2024-03-03T02:06:54-04:00;28,91;78,2;1005,6;31,26;0
2024-03-03T02:07:24-04:00;28,89;78,24;1005,6;31,46;0
2024-03-03T02:07:54-04:00;28,87;78,3;1005,6;31,33;0
2024-03-03T02:08:24-04:00;28,85;78,36;1005,59;31,24;0
2024-03-03T02:08:54-04:00;28,84;78,4;1005,59;31,39;0
2024-03-03T02:09:24-04:00;28,83;78,36;1005,59;31,39;0
2024-03-03T02:09:54-04:00;28,86;78,2;1005,59;31,3;0
2024-03-03T02:10:24-04:00;28,88;78,09;1005,58;31,19;0
2024-03-03T02:10:54-04:00;28,89;78,07;1005,57;31,13;0
2024-03-03T02:11:24-04:00;28,91;77,83;1005,56;31,13;0
2024-03-03T02:11:54-04:00;28,93;78,01;1005,55;31,13;0
2024-03-03T02:12:24-04:00;28,95;77,98;1005,53;31,22;0
2024-03-03T02:12:54-04:00;28,98;77,71;1005,53;30,98;0
2024-03-03T02:13:24-04:00;29;77,74;1005,52;30,76;0
2024-03-03T02:13:54-04:00;29,02;77,7;1005,51;30,91;0
2024-03-03T02:14:24-04:00;29,03;77,67;1005,51;30,84;0
2024-03-03T02:14:54-04:00;29,03;78;1005,5;30,74;0
2024-03-03T02:15:24-04:00;29,02;77,78;1005,48;30,95;0
2024-03-03T02:15:54-04:00;29;77,91;1005,48;31,04;0
2024-03-03T02:16:24-04:00;28,99;77,88;1005,47;31,02;0
2024-03-03T02:16:54-04:00;28,97;77,92;1005,47;30,95;0
2024-03-03T02:17:24-04:00;28,96;77,85;1005,46;30,91;0
2024-03-03T02:17:54-04:00;28,95;77,88;1005,45;31,08;0
2024-03-03T02:18:24-04:00;28,95;77,96;1005,44;30,98;0
2024-03-03T02:18:54-04:00;28,94;78,09;1005,44;30,91;0
2024-03-03T02:19:24-04:00;28,92;78,22;1005,44;30,91;0
2024-03-03T02:19:54-04:00;28,94;78,03;1005,43;30,95;0
2024-03-03T02:20:24-04:00;28,97;77,84;1005,42;30,84;0
2024-03-03T02:20:54-04:00;29,02;77,61;1005,41;30,76;0
2024-03-03T02:21:24-04:00;29,09;77,27;1005,4;30,59;0
2024-03-03T02:21:54-04:00;29,16;77,12;1005,39;30,5;0
2024-03-03T02:22:24-04:00;29,22;76,85;1005,38;30,34;0
2024-03-03T02:22:54-04:00;29,27;76,79;1005,38;30,32;0
2024-03-03T02:23:24-04:00;29,3;76,6;1005,37;30,38;0
2024-03-03T02:23:54-04:00;29,32;76,69;1005,35;30,23;0
2024-03-03T02:24:24-04:00;29,3;76,83;1005,34;30,28;0
2024-03-03T02:24:54-04:00;29,29;77,01;1005,33;30,3;0
2024-03-03T02:25:24-04:00;29,28;77,02;1005,33;30,26;0
2024-03-03T02:25:54-04:00;29,29;76,94;1005,32;30,21;0
2024-03-03T02:26:24-04:00;29,31;76,89;1005,32;30,15;0
2024-03-03T02:26:54-04:00;29,34;76,66;1005,31;30,17;0
2024-03-03T02:27:24-04:00;29,37;76,59;1005,31;30,17;0
2024-03-03T02:27:54-04:00;29,38;76,71;1005,3;30,15;0
2024-03-03T02:28:24-04:00;29,39;76,63;1005,3;30,07;0
2024-03-03T02:28:54-04:00;29,36;76,77;1005,29;30,09;0
2024-03-03T02:29:24-04:00;29,32;77,06;1005,29;30,19;0
2024-03-03T02:29:54-04:00;29,26;77,29;1005,28;30,3;0
2024-03-03T02:30:24-04:00;29,21;77,51;1005,29;30,3;0
2024-03-03T02:30:54-04:00;29,16;77,63;1005,3;30,36;0
2024-03-03T02:31:24-04:00;29,12;77,77;1005,31;30,55;0
2024-03-03T02:31:54-04:00;29,1;77,61;1005,33;30,36;0
2024-03-03T02:32:24-04:00;29,07;77,71;1005,32;30,4;0
2024-03-03T02:32:54-04:00;29,06;77,75;1005,32;30,42;0
2024-03-03T02:33:24-04:00;29,06;77,65;1005,33;30,32;0
2024-03-03T02:33:54-04:00;29,05;77,74;1005,33;30,28;0
2024-03-03T02:34:24-04:00;29,03;77,81;1005,34;30,38;0
2024-03-03T02:34:54-04:00;29,01;77,85;1005,34;30,53;0
2024-03-03T02:35:24-04:00;29;77,74;1005,34;30,53;0
2024-03-03T02:35:54-04:00;29,01;77,76;1005,35;30,59;0
2024-03-03T02:36:24-04:00;29,03;78;1005,34;30,4;0
2024-03-03T02:36:54-04:00;29,08;77,32;1005,33;30,3;0
2024-03-03T02:37:24-04:00;29,13;77,13;1005,33;30,21;0
2024-03-03T02:37:54-04:00;29,17;76,93;1005,32;30,15;0
2024-03-03T02:38:24-04:00;29,22;76,93;1005,31;30,13;0
2024-03-03T02:38:54-04:00;29,29;76,64;1005,31;30,01;0
2024-03-03T02:39:24-04:00;29,36;76,38;1005,3;30,01;0
2024-03-03T02:39:54-04:00;29,43;76,12;1005,29;29,97;0
2024-03-03T02:40:24-04:00;29,47;76;1005,29;29,87;0
2024-03-03T02:40:54-04:00;29,5;76,08;1005,29;29,79;0
2024-03-03T02:41:24-04:00;29,53;75,93;1005,28;29,87;0
2024-03-03T02:41:54-04:00;29,54;76,14;1005,28;29,81;0
2024-03-03T02:42:24-04:00;29,53;76,22;1005,28;29,79;0
2024-03-03T02:42:54-04:00;29,52;76,19;1005,27;29,99;0
2024-03-03T02:43:24-04:00;29,48;76,34;1005,26;29,85;0
2024-03-03T02:43:54-04:00;29,45;76,4;1005,25;29,93;0
